fide_id,calc_games_12m,calc_tournaments_12m,avg_opponent_rating_12m,max_opponent_rating_12m,min_opponent_rating_12m,avg_event_rc_12m,avg_score_per_game_12m,total_score_12m,total_k_chg_12m,avg_game_chg_12m,games_vs_2000plus_12m,games_vs_2200plus_12m,distinct_event_locations_12m,distinct_tournament_countries_12m,share_games_vs_higher_rated_12m,score_percentage_12m
14350670,124,16,1581.8225806451612,2013.0,1404.0,1572.7719298245613,0.31451612903225806,39.0,-343.2,-0.06919354838709678,2,0,15,1,0.7719298245614035,0.31451612903225806
25100122,8,1,1647.5,1753.0,1476.0,1648.0,0.125,1.0,-32.8,-0.1025,0,0,1,1,1.0,0.125
25100688,12,3,1610.6666666666667,1869.0,1519.0,,0.08333333333333333,1.0,0.0,0.0,0,0,1,1,,0.08333333333333333
25110462,18,2,1618.0,1759.0,1401.0,1617.6666666666667,0.3888888888888889,7.0,-16.000000000000007,-0.022222222222222216,0,0,2,1,0.7777777777777778,0.3888888888888889
25113909,54,4,1592.4814814814815,1984.0,1422.0,1592.5555555555557,0.5370370370370371,29.0,10.26,0.004814814814814818,0,0,4,1,0.2962962962962963,0.5370370370370371
25118072,46,3,1683.8695652173913,1937.0,1404.0,1684.0,0.30434782608695654,14.0,43.99999999999999,0.023913043478260867,0,0,3,2,0.8695652173913043,0.30434782608695654
25124234,40,5,1614.6,1869.0,1408.0,1614.55,0.275,11.0,-52.0,-0.03250000000000001,0,0,3,1,0.95,0.275
25124269,14,2,1553.857142857143,1680.0,1402.0,1553.7142857142858,0.21428571428571427,3.0,-71.2,-0.12714285714285714,0,0,2,1,0.8571428571428571,0.21428571428571427
25125001,224,15,1603.044642857143,1957.0,1403.0,1603.2142857142858,0.48660714285714285,109.0,99.06,0.00651785714285714,0,0,6,1,0.5,0.48660714285714285
25128728,54,3,1727.4814814814815,2131.0,1470.0,1727.7037037037037,0.6111111111111112,33.0,36.8,0.017037037037037038,8,0,3,1,0.2962962962962963,0.6111111111111112
25128981,22,2,1573.5454545454545,1775.0,1464.0,,0.22727272727272727,5.0,0.0,0.0,0,0,1,1,,0.22727272727272727
25130404,54,4,1598.4444444444443,1899.0,1417.0,1598.3703703703704,0.5370370370370371,29.0,128.8,0.05962962962962964,0,0,4,1,0.48148148148148145,0.5370370370370371
25135147,90,5,1604.6666666666667,1937.0,1402.0,1604.6222222222223,0.6,54.0,183.48000000000002,0.05066666666666667,0,0,4,1,0.3333333333333333,0.6
25137506,14,1,1585.142857142857,1689.0,1484.0,1585.0,0.7142857142857143,10.0,-35.199999999999996,-0.06285714285714286,0,0,1,1,0.0,0.7142857142857143
25138189,154,9,1690.3246753246754,2191.0,1400.0,1690.3246753246754,0.5909090909090909,91.0,-15.340000000000003,0.001688311688311692,4,0,8,3,0.35064935064935066,0.5909090909090909
25140930,222,18,1584.8018018018017,2008.0,1405.0,1584.8648648648648,0.46846846846846846,104.0,-16.10000000000001,-0.003783783783783782,2,0,11,1,0.5495495495495496,0.46846846846846846
25142577,18,2,1543.6666666666667,1637.0,1448.0,1554.0,0.2222222222222222,4.0,-22.400000000000002,-0.031111111111111107,0,0,1,1,1.0,0.2222222222222222
25142755,22,4,1517.1818181818182,1766.0,1431.0,1539.0,0.18181818181818182,4.0,-56.0,-0.06363636363636363,0,0,3,1,1.0,0.18181818181818182
25149245,62,10,1631.741935483871,1921.0,1400.0,1631.8709677419354,0.1774193548387097,11.0,-326.40000000000003,-0.13161290322580646,0,0,2,1,0.8387096774193549,0.1774193548387097
25150669,12,1,1459.1666666666667,1537.0,1411.0,,0.5,6.0,0.0,0.0,0,0,1,1,,0.5
25156969,20,3,1605.8,1778.0,1441.0,1606.0,0.2,4.0,-58.4,-0.073,0,0,3,1,1.0,0.2
25158830,36,4,1534.5555555555557,1767.0,1415.0,1536.2307692307693,0.2777777777777778,10.0,-224.0,-0.15555555555555556,0,0,3,1,0.5384615384615384,0.2777777777777778
25158910,180,13,1632.3444444444444,1962.0,1403.0,1632.411111111111,0.45555555555555555,82.0,179.20000000000002,0.024888888888888887,0,0,10,1,0.6111111111111112,0.45555555555555555
25162128,30,3,1623.1333333333334,1749.0,1408.0,1623.2666666666667,0.36666666666666664,11.0,25.599999999999994,0.021333333333333336,0,0,1,1,0.8666666666666667,0.36666666666666664
25162578,40,5,1541.55,1671.0,1400.0,1515.0,0.275,11.0,-284.0,-0.1775,0,0,5,1,0.6363636363636364,0.275
25163248,24,4,1519.5833333333333,1691.0,1423.0,1568.6,0.3333333333333333,8.0,-0.8000000000000007,-0.000833333333333334,0,0,1,1,1.0,0.3333333333333333
25165828,16,2,1730.0,1799.0,1666.0,1730.125,0.25,4.0,39.2,0.06125,0,0,2,1,1.0,0.25
25173308,34,3,1604.1176470588234,1806.0,1498.0,1604.1176470588234,0.23529411764705882,8.0,-47.19999999999999,-0.03470588235294117,0,0,3,1,1.0,0.23529411764705882
25174657,202,11,1866.148514851485,2364.0,1495.0,1866.1089108910892,0.6287128712871287,127.0,168.3,0.02336633663366337,60,22,9,1,0.31683168316831684,0.6287128712871287
25177451,158,9,1621.7215189873418,2033.0,1406.0,1621.860759493671,0.5316455696202531,84.0,68.0,0.010759493670886078,2,0,7,1,0.4177215189873418,0.5316455696202531
25181807,16,1,1505.125,1622.0,1432.0,,0.375,6.0,0.0,0.0,0,0,1,1,,0.375
25182242,248,13,1828.2096774193549,2419.0,1446.0,1828.2903225806451,0.6532258064516129,162.0,468.38,0.05620967741935484,52,28,10,3,0.3064516129032258,0.6532258064516129
25189549,8,1,1485.25,1551.0,1411.0,,0.375,3.0,0.0,0.0,0,0,1,1,,0.375
25191373,30,5,1590.2666666666667,1740.0,1441.0,1612.25,0.3333333333333333,10.0,92.8,0.07733333333333334,0,0,4,1,1.0,0.3333333333333333
25193120,14,1,1523.4285714285713,1605.0,1439.0,1523.0,0.5714285714285714,8.0,114.4,0.20428571428571426,0,0,1,1,1.0,0.5714285714285714
25195425,230,12,1948.3652173913044,2463.0,1553.0,1948.4782608695652,0.6043478260869565,139.0,226.76000000000002,0.0251304347826087,84,30,10,4,0.3391304347826087,0.6043478260869565
25600362,8,1,1567.0,1639.0,1538.0,1567.0,0.5,4.0,-128.0,-0.4,0,0,1,1,0.0,0.5
25609785,90,5,1913.888888888889,2333.0,1500.0,1913.8666666666666,0.5888888888888889,53.0,224.0,0.06222222222222222,44,12,5,2,0.5111111111111111,0.5888888888888889
25677217,152,8,1940.2368421052631,2464.0,1606.0,1940.2631578947369,0.7039473684210527,107.0,348.36,0.05657894736842105,50,30,8,1,0.23684210526315788,0.7039473684210527
25677772,6,1,1459.0,1482.0,1418.0,1459.0,0.5,3.0,13.6,0.05666666666666664,0,0,1,1,0.6666666666666666,0.5
25678795,42,4,1660.2857142857142,1783.0,1496.0,1660.142857142857,0.2619047619047619,11.0,-4.0000000000000036,-0.0023809523809523816,0,0,3,1,1.0,0.2619047619047619
25682652,136,10,1607.5,1938.0,1401.0,1607.6617647058824,0.5220588235294118,71.0,160.0,0.029411764705882353,0,0,10,1,0.5,0.5220588235294118
25690078,50,4,1586.92,1956.0,1405.0,1587.08,0.48,24.0,90.4,0.045200000000000004,0,0,3,1,0.56,0.48
25698303,76,5,1557.8947368421052,1900.0,1411.0,1557.8157894736842,0.5789473684210527,44.0,65.60000000000001,0.021578947368421055,0,0,5,1,0.2894736842105263,0.5789473684210527
25717960,100,6,1678.06,2175.0,1431.0,1678.1,0.65,65.0,126.39999999999999,0.0316,6,0,6,1,0.2,0.65
25738020,22,3,1791.1363636363637,1957.0,1629.0,1791.2727272727273,0.38636363636363635,8.5,159.2,0.1809090909090909,0,0,3,2,1.0,0.38636363636363635
25739557,52,3,1681.7692307692307,1957.0,1401.0,1681.6923076923076,0.4807692307692308,25.0,107.64,0.07961538461538463,0,0,2,1,0.6538461538461539,0.4807692307692308
25751034,42,5,1558.7142857142858,1960.0,1416.0,1516.4615384615386,0.38095238095238093,16.0,-332.8,-0.1980952380952381,0,0,2,1,0.38461538461538464,0.38095238095238093
25755242,88,8,1623.9545454545455,1880.0,1404.0,1624.0454545454545,0.3068181818181818,27.0,-56.000000000000014,-0.01590909090909091,0,0,8,1,0.8636363636363636,0.3068181818181818
25766465,82,6,1599.3902439024391,1859.0,1405.0,1599.4878048780488,0.45121951219512196,37.0,100.0,0.03048780487804878,0,0,4,1,0.5853658536585366,0.45121951219512196
25771035,8,1,1478.75,1507.0,1449.0,,0.25,2.0,0.0,0.0,0,0,1,1,,0.25
25771280,216,11,1865.101851851852,2391.0,1440.0,1865.037037037037,0.6018518518518519,130.0,515.72,0.06166666666666667,56,20,10,2,0.39814814814814814,0.6018518518518519
25773526,8,1,1635.75,1962.0,1416.0,,0.125,1.0,0.0,0.0,0,0,1,1,,0.125
25774069,28,3,1488.4285714285713,1717.0,1408.0,,0.25,7.0,0.0,0.0,0,0,1,1,,0.25
25785559,152,9,1643.0657894736842,2107.0,1422.0,1643.1184210526317,0.6644736842105263,101.0,177.6,0.02921052631578947,4,0,5,1,0.2236842105263158,0.6644736842105263
25786865,100,6,1587.04,1931.0,1422.0,1586.9,0.6,60.0,538.8,0.24059999999999998,0,0,2,1,0.78,0.6
25789783,210,13,1698.7904761904763,2286.0,1412.0,1698.7142857142858,0.6142857142857143,129.0,163.2,0.019428571428571434,14,2,11,1,0.3238095238095238,0.6142857142857143
25792962,4,1,1687.0,1828.0,1546.0,1687.0,0.0,0.0,-33.599999999999994,-0.21000000000000002,0,0,1,1,1.0,0.0
25793136,80,4,1807.3,2319.0,1459.0,1807.45,0.65,52.0,203.2,0.0635,18,8,4,3,0.325,0.65
25902113,240,12,1880.275,2434.0,1502.0,1880.2833333333333,0.6458333333333334,155.0,296.88,0.03133333333333334,66,26,12,1,0.2833333333333333,0.6458333333333334
25906305,72,6,1574.4444444444443,1898.0,1411.0,1658.0,0.20833333333333334,15.0,-44.8,-0.015555555555555557,0,0,5,2,0.8,0.20833333333333334
25911414,16,2,1819.125,1980.0,1654.0,1819.0,0.375,6.0,50.39999999999999,0.07875,0,0,2,1,0.875,0.375
25911759,6,1,1768.0,1891.0,1590.0,1768.0,0.0,0.0,-44.8,-0.18666666666666668,0,0,1,1,1.0,0.0
25915150,96,9,1580.9791666666667,1854.0,1402.0,1580.875,0.34375,33.0,67.19999999999999,0.017500000000000005,0,0,7,1,0.8333333333333334,0.34375
25916203,12,1,1619.6666666666667,1759.0,1408.0,1620.0,0.3333333333333333,4.0,-24.000000000000007,-0.05000000000000001,0,0,1,1,0.6666666666666666,0.3333333333333333
25924230,278,16,1679.4244604316548,2203.0,1405.0,1679.4964028776978,0.6438848920863309,179.0,112.16,0.00719424460431655,18,2,12,2,0.2302158273381295,0.6438848920863309
25925946,140,8,1745.3714285714286,2189.0,1426.0,1745.4285714285713,0.5857142857142857,82.0,309.92,0.05814285714285715,18,0,7,1,0.44285714285714284,0.5857142857142857
25926497,42,4,1584.7142857142858,1824.0,1404.0,1584.7619047619048,0.5952380952380952,25.0,209.6,0.12476190476190477,0,0,2,1,0.5238095238095238,0.5952380952380952
25931130,8,1,1594.25,1835.0,1440.0,1594.0,0.5,4.0,46.4,0.14500000000000002,0,0,1,1,0.75,0.5
25931750,46,7,1526.0434782608695,1766.0,1405.0,1574.3333333333333,0.21739130434782608,10.0,-249.6,-0.1356521739130435,0,0,6,1,0.9166666666666666,0.21739130434782608
25950991,8,2,1654.5,1743.0,1616.0,1655.0,0.0,0.0,-83.2,-0.26,0,0,2,1,1.0,0.0
25964640,8,1,1594.75,1662.0,1406.0,1595.0,0.25,2.0,-45.6,-0.14250000000000002,0,0,1,1,0.75,0.25
25972901,38,7,1580.8947368421052,1795.0,1451.0,,0.13157894736842105,5.0,0.0,0.0,0,0,5,1,,0.13157894736842105
25972928,28,2,1518.9285714285713,1648.0,1406.0,1468.0,0.5,14.0,-181.6,-0.16214285714285714,0,0,1,1,0.0,0.5
25972944,12,1,1614.8333333333333,1756.0,1499.0,1615.0,0.5,6.0,94.4,0.19666666666666668,0,0,1,1,1.0,0.5
25973835,24,3,1615.1666666666667,1812.0,1404.0,1615.4166666666667,0.375,9.0,21.6,0.022499999999999996,0,0,1,1,0.75,0.375
25976206,16,2,1537.25,1796.0,1416.0,1536.875,0.5625,9.0,88.8,0.13874999999999998,0,0,2,1,0.5,0.5625
25980866,68,5,1701.9411764705883,1969.0,1421.0,1701.7058823529412,0.3382352941176471,23.0,129.6,0.04764705882352942,0,0,4,1,0.8235294117647058,0.3382352941176471
25982648,2,1,1812.0,1812.0,1812.0,1812.0,0.0,0.0,-6.4,-0.08,0,0,1,1,1.0,0.0
25985230,54,4,1727.888888888889,1908.0,1421.0,1727.962962962963,0.42592592592592593,23.0,321.6,0.14888888888888888,0,0,2,1,0.9259259259259259,0.42592592592592593
25987453,94,6,1605.1489361702127,1982.0,1407.0,1605.3191489361702,0.5638297872340425,53.0,-0.7999999999999972,-0.0002127659574468099,0,0,3,1,0.3404255319148936,0.5638297872340425
25988859,12,1,1667.3333333333333,1714.0,1617.0,1667.0,0.25,3.0,-34.4,-0.07166666666666667,0,0,1,1,1.0,0.25
33305250,42,3,1571.857142857143,2219.0,1474.0,1524.0,0.35714285714285715,15.0,-86.39999999999999,-0.051428571428571435,2,2,2,1,0.42857142857142855,0.35714285714285715
33313563,132,11,1589.3636363636363,1997.0,1409.0,1589.3636363636363,0.553030303030303,73.0,36.0,0.00681818181818182,0,0,10,2,0.3787878787878788,0.553030303030303
33315051,94,9,1484.1063829787233,1825.0,1402.0,1553.7272727272727,0.23404255319148937,22.0,-212.0,-0.05638297872340425,0,0,8,1,0.7272727272727273,0.23404255319148937
33315167,16,2,1645.625,1774.0,1407.0,1645.75,0.1875,3.0,-81.6,-0.1275,0,0,2,1,0.875,0.1875
33319782,188,10,2124.468085106383,2547.0,1714.0,2124.531914893617,0.723404255319149,136.0,446.0,0.06765957446808511,130,82,9,2,0.30851063829787234,0.723404255319149
33320012,66,7,1611.3636363636363,1809.0,1401.0,1611.5151515151515,0.22727272727272727,15.0,-153.18,-0.07090909090909091,0,0,4,1,0.9696969696969697,0.22727272727272727
33320829,18,2,1559.7777777777778,1966.0,1423.0,1529.0,0.3333333333333333,6.0,-91.2,-0.12666666666666668,0,0,2,1,0.2,0.3333333333333333
33321094,54,3,1635.4814814814815,1970.0,1400.0,1635.851851851852,0.5370370370370371,29.0,154.39999999999998,0.07148148148148149,0,0,3,1,0.48148148148148145,0.5370370370370371
33329664,168,10,1977.2738095238096,2332.0,1443.0,1977.2619047619048,0.42857142857142855,72.0,394.64,0.06142857142857143,86,20,9,5,0.7142857142857143,0.42857142857142855
33330735,28,5,1552.642857142857,1748.0,1400.0,1589.5714285714287,0.07142857142857142,2.0,-96.0,-0.08571428571428573,0,0,5,1,0.8571428571428571,0.07142857142857142
33330824,160,12,1609.925,1943.0,1401.0,1609.9875,0.45,72.0,159.2,0.024874999999999998,0,0,7,1,0.5875,0.45
33341800,72,5,1703.5277777777778,1984.0,1408.0,1703.5277777777778,0.4861111111111111,35.0,394.40000000000003,0.13694444444444442,0,0,5,3,0.6944444444444444,0.4861111111111111
33348456,10,1,1569.4,1734.0,1496.0,,0.3,3.0,0.0,0.0,0,0,1,1,,0.3
33351236,14,2,1579.0,1719.0,1472.0,1524.0,0.07142857142857142,1.0,-59.2,-0.10571428571428572,0,0,2,1,1.0,0.07142857142857142
33357684,4,2,1623.5,1636.0,1611.0,1623.5,0.0,0.0,-39.2,-0.245,0,0,2,1,1.0,0.0
33359660,16,1,1546.0,1763.0,1406.0,1546.0,0.6875,11.0,58.39999999999999,0.09125,0,0,1,1,0.25,0.6875
33359962,6,1,1698.6666666666667,1814.0,1639.0,1699.0,0.0,0.0,-40.8,-0.17,0,0,1,1,1.0,0.0
33361258,30,2,1790.0666666666666,1992.0,1437.0,1789.9333333333334,0.5,15.0,280.8,0.23399999999999999,0,0,1,1,0.8666666666666667,0.5
33364052,162,9,1724.6172839506173,2183.0,1406.0,1724.8148148148148,0.6111111111111112,99.0,318.44,0.04555555555555556,10,0,7,2,0.37037037037037035,0.6111111111111112
33365318,66,7,1531.7575757575758,1705.0,1438.0,1582.2,0.22727272727272727,15.0,-189.6,-0.07181818181818182,0,0,6,1,1.0,0.22727272727272727
33366519,16,3,1533.5,1675.0,1400.0,1534.0,0.3125,5.0,-67.19999999999999,-0.10500000000000001,0,0,3,1,0.625,0.3125
33372764,146,9,1665.5616438356165,2128.0,1411.0,1665.5890410958905,0.5068493150684932,74.0,379.2,0.06493150684931508,4,0,5,1,0.547945205479452,0.5068493150684932
33372853,22,2,1572.909090909091,1890.0,1401.0,1572.6363636363637,0.4090909090909091,9.0,-41.6,-0.04727272727272727,0,0,2,1,0.45454545454545453,0.4090909090909091
33373418,16,1,1551.0,1762.0,1477.0,,0.5625,9.0,0.0,0.0,0,0,1,1,,0.5625
33378614,42,4,1561.904761904762,1698.0,1414.0,1562.047619047619,0.47619047619047616,20.0,152.8,0.09095238095238097,0,0,2,1,0.8095238095238095,0.47619047619047616
33383472,156,9,1726.128205128205,2087.0,1430.0,1726.371794871795,0.5641025641025641,88.0,443.72,0.07884615384615386,12,0,8,1,0.5128205128205128,0.5641025641025641
33384096,104,8,1582.0,1836.0,1404.0,1582.3076923076924,0.5,52.0,217.60000000000002,0.05230769230769229,0,0,7,1,0.5961538461538461,0.5
33384657,10,1,1488.4,1712.0,1420.0,,0.2,2.0,0.0,0.0,0,0,1,1,,0.2
33387478,90,6,1665.7777777777778,2014.0,1407.0,1665.8,0.4666666666666667,42.0,22.4,0.006222222222222223,4,0,6,1,0.4666666666666667,0.4666666666666667
33388520,60,4,1584.1666666666667,1829.0,1405.0,1584.3,0.45,27.0,97.6,0.04066666666666666,0,0,3,1,0.6,0.45
33389667,82,6,1602.219512195122,1874.0,1402.0,1602.4146341463415,0.3902439024390244,32.0,91.2,0.02780487804878049,0,0,4,1,0.8048780487804879,0.3902439024390244
33392170,12,1,1467.0,1523.0,1425.0,,0.25,3.0,0.0,0.0,0,0,1,1,,0.25
33392854,36,4,1581.0,1741.0,1509.0,1620.0,0.05555555555555555,2.0,-63.2,-0.043888888888888894,0,0,4,1,1.0,0.05555555555555555
33392978,106,8,1632.7924528301887,1914.0,1406.0,1632.811320754717,0.3867924528301887,41.0,140.8,0.03320754716981132,0,0,3,1,0.7924528301886793,0.3867924528301887
33394199,66,5,1650.6969696969697,1890.0,1437.0,1651.0,0.48484848484848486,32.0,268.0,0.10151515151515152,0,0,2,1,0.7575757575757576,0.48484848484848486
33395403,114,10,1569.140350877193,1775.0,1408.0,1569.2280701754387,0.3333333333333333,38.0,58.560000000000024,0.02052631578947368,0,0,8,1,0.9298245614035088,0.3333333333333333
33396094,32,5,1546.5625,1830.0,1402.0,1538.4,0.34375,11.0,-123.2,-0.09625,0,0,3,1,0.3,0.34375
33396280,50,9,1750.52,1934.0,1567.0,1744.75,0.24,12.0,-0.7999999999999936,-0.000400000000000002,0,0,3,1,0.95,0.24
33398968,124,7,1719.8709677419354,2208.0,1437.0,1719.8064516129032,0.6612903225806451,82.0,530.16,0.10483870967741936,16,2,7,1,0.3870967741935484,0.6612903225806451
33401268,72,5,1584.5833333333333,1815.0,1415.0,1584.638888888889,0.5,36.0,133.6,0.046388888888888896,0,0,1,1,0.5555555555555556,0.5
33401292,28,3,1599.5,1800.0,1503.0,1599.4285714285713,0.25,7.0,-15.200000000000005,-0.013571428571428573,0,0,2,1,1.0,0.25
33401837,6,1,1440.3333333333333,1451.0,1432.0,,0.0,0.0,0.0,0.0,0,0,1,1,,0.0
33402329,82,7,1466.7560975609756,1612.0,1403.0,,0.24390243902439024,20.0,0.0,0.0,0,0,2,1,,0.24390243902439024
33402388,6,1,1656.6666666666667,1729.0,1529.0,1657.0,0.16666666666666666,1.0,-24.799999999999997,-0.10333333333333333,0,0,1,1,1.0,0.16666666666666666
33402779,118,9,1580.915254237288,1967.0,1409.0,1580.8813559322034,0.5932203389830508,70.0,-99.99999999999999,-0.0211864406779661,0,0,4,1,0.2542372881355932,0.5932203389830508
33403066,64,8,1560.78125,1821.0,1403.0,1598.2173913043478,0.203125,13.0,-94.4,-0.036875,0,0,4,1,1.0,0.203125
33406316,32,4,1556.1875,1788.0,1419.0,1556.3125,0.28125,9.0,-34.39999999999999,-0.026875,0,0,4,1,0.9375,0.28125
33407649,52,5,1638.8461538461538,1876.0,1407.0,1638.8076923076924,0.38461538461538464,20.0,143.2,0.06884615384615385,0,0,3,1,0.8076923076923077,0.38461538461538464
33409153,10,1,1477.4,1686.0,1418.0,1477.0,0.4,4.0,-71.19999999999999,-0.178,0,0,1,1,0.2,0.4
33410526,174,13,1624.4827586206898,2013.0,1404.0,1624.5747126436781,0.5287356321839081,92.0,301.8,0.04459770114942529,2,0,9,1,0.5172413793103449,0.5287356321839081
33410631,2,1,1773.0,1773.0,1773.0,,0.0,0.0,0.0,0.0,0,0,1,1,,0.0
33411360,48,4,1559.7083333333333,1830.0,1431.0,1573.95,0.2708333333333333,13.0,-50.39999999999999,-0.02625,0,0,3,1,0.95,0.2708333333333333
33412588,38,4,1621.5263157894738,1891.0,1406.0,1621.4736842105262,0.3684210526315789,14.0,68.0,0.044736842105263165,0,0,2,1,0.9473684210526315,0.3684210526315789
33415110,12,2,1668.5,1833.0,1543.0,1660.0,0.16666666666666666,2.0,6.399999999999997,0.01333333333333333,0,0,1,1,1.0,0.16666666666666666
33415501,26,4,1523.3846153846155,1706.0,1406.0,,0.0,0.0,0.0,0.0,0,0,3,1,,0.0
33417318,60,6,1634.9666666666667,1764.0,1401.0,1634.9333333333334,0.4166666666666667,25.0,224.8,0.09366666666666666,0,0,4,1,0.9,0.4166666666666667
33418594,20,2,1527.1,1805.0,1434.0,1579.0,0.15,3.0,-76.0,-0.095,0,0,2,1,1.0,0.15
33420165,12,1,1448.6666666666667,1489.0,1409.0,,0.4166666666666667,5.0,0.0,0.0,0,0,1,1,,0.4166666666666667
33420408,104,6,1694.3653846153845,2229.0,1402.0,1694.4615384615386,0.6153846153846154,64.0,351.08,0.08423076923076923,6,2,5,1,0.4423076923076923,0.6153846153846154
33421250,6,1,1445.0,1516.0,1409.0,,0.0,0.0,0.0,0.0,0,0,1,1,,0.0
33421668,70,8,1560.3428571428572,1904.0,1403.0,1557.1724137931035,0.37142857142857144,26.0,-14.400000000000006,-0.005142857142857141,0,0,7,1,0.6896551724137931,0.37142857142857144
33421714,74,8,1562.972972972973,1910.0,1402.0,1525.142857142857,0.21621621621621623,16.0,-469.6,-0.15864864864864864,0,0,7,1,0.42857142857142855,0.21621621621621623
33422117,26,2,1645.8461538461538,1781.0,1426.0,1645.923076923077,0.46153846153846156,12.0,113.60000000000001,0.10923076923076923,0,0,1,1,0.8461538461538461,0.46153846153846156
33423415,110,7,1626.4363636363637,1988.0,1403.0,1626.5272727272727,0.5454545454545454,60.0,258.96,0.05854545454545454,0,0,5,1,0.509090909090909,0.5454545454545454
33426937,178,12,1563.8202247191011,1963.0,1401.0,1563.9662921348315,0.6629213483146067,118.0,396.56,0.05606741573033708,0,0,5,1,0.23595505617977527,0.6629213483146067
33427496,18,2,1620.4444444444443,1853.0,1521.0,1620.6666666666667,0.16666666666666666,3.0,-84.8,-0.11777777777777779,0,0,1,1,1.0,0.16666666666666666
33428018,134,11,1553.7014925373135,1896.0,1401.0,1553.7611940298507,0.5298507462686567,71.0,127.2,0.02373134328358209,0,0,8,1,0.373134328358209,0.5298507462686567
33428891,32,3,1592.4375,1725.0,1448.0,1632.0,0.21875,7.0,-106.4,-0.083125,0,0,1,1,1.0,0.21875
33429537,18,3,1520.0,1663.0,1403.0,,0.3888888888888889,7.0,0.0,0.0,0,0,3,1,,0.3888888888888889
33429804,44,5,1522.8636363636363,1646.0,1411.0,1563.5714285714287,0.18181818181818182,8.0,-181.6,-0.10318181818181818,0,0,4,1,1.0,0.18181818181818182
33432325,28,4,1592.0,1781.0,1408.0,1592.142857142857,0.25,7.0,-113.6,-0.10142857142857144,0,0,4,1,0.8571428571428571,0.25
33434905,44,3,1626.409090909091,1901.0,1406.0,1626.3181818181818,0.5681818181818182,25.0,227.2,0.12909090909090912,0,0,1,1,0.6363636363636364,0.5681818181818182
33436720,20,2,1464.1,1522.0,1413.0,,0.55,11.0,0.0,0.0,0,0,1,1,,0.55
33437114,4,1,1554.0,1630.0,1478.0,1554.0,0.25,1.0,-11.2,-0.07,0,0,1,1,1.0,0.25
33438013,12,2,1468.6666666666667,1589.0,1425.0,,0.25,3.0,0.0,0.0,0,0,1,1,,0.25
33439869,46,3,1541.8695652173913,1743.0,1408.0,1542.0,0.6304347826086957,29.0,172.0,0.09347826086956522,0,0,3,1,0.391304347826087,0.6304347826086957
33442215,132,8,1729.530303030303,2207.0,1406.0,1729.621212121212,0.6515151515151515,86.0,130.4,0.024696969696969703,14,4,6,1,0.2878787878787879,0.6515151515151515
33444390,12,1,1457.0,1516.0,1403.0,,0.25,3.0,0.0,0.0,0,0,1,1,,0.25
33448990,150,9,1628.2266666666667,2125.0,1403.0,1628.32,0.5733333333333334,86.0,247.04,0.0392,4,0,7,1,0.4266666666666667,0.5733333333333334
33450080,24,2,1585.25,1790.0,1416.0,1585.0,0.5833333333333334,14.0,156.0,0.1625,0,0,2,1,0.5833333333333334,0.5833333333333334
33451826,2,1,1608.0,1608.0,1608.0,1608.0,0.0,0.0,-22.4,-0.28,0,0,1,1,1.0,0.0
33456976,10,1,1550.8,1628.0,1512.0,,0.2,2.0,0.0,0.0,0,0,1,1,,0.2
33459061,8,1,1670.0,1769.0,1622.0,1670.0,0.25,2.0,-8.799999999999997,-0.027500000000000024,0,0,1,1,1.0,0.25
33459177,20,4,1576.8,2027.0,1443.0,,0.1,2.0,0.0,0.0,2,0,4,1,,0.1
33460710,150,13,1565.1333333333334,1849.0,1400.0,1562.8103448275863,0.35333333333333333,53.0,-495.92,-0.0856,0,0,6,1,0.7241379310344828,0.35333333333333333
33461244,56,5,1535.1785714285713,1851.0,1437.0,1578.25,0.3392857142857143,19.0,-71.2,-0.03178571428571429,0,0,3,1,1.0,0.3392857142857143
33461910,10,3,1716.8,1852.0,1516.0,,0.0,0.0,0.0,0.0,0,0,2,2,,0.0
33463727,24,3,1572.75,1771.0,1438.0,1771.0,0.2916666666666667,7.0,-12.8,-0.013333333333333334,0,0,2,1,1.0,0.2916666666666667
33465339,32,4,1552.0625,1671.0,1430.0,1476.0,0.09375,3.0,-95.19999999999999,-0.074375,0,0,2,1,0.0,0.09375
33465444,6,1,1522.3333333333333,1604.0,1476.0,,0.16666666666666666,1.0,0.0,0.0,0,0,1,1,,0.16666666666666666
33465614,12,2,1664.8333333333333,1792.0,1552.0,,0.08333333333333333,1.0,0.0,0.0,0,0,2,2,,0.08333333333333333
33465908,4,2,1469.0,1481.0,1457.0,,0.0,0.0,0.0,0.0,0,0,1,1,,0.0
33467501,10,1,1440.6,1467.0,1415.0,1441.0,0.5,5.0,-18.4,-0.046,0,0,1,1,0.0,0.5
33468427,66,10,1625.1515151515152,1948.0,1401.0,1625.2121212121212,0.49242424242424243,32.5,153.32,0.07757575757575758,0,0,8,1,0.6818181818181818,0.49242424242424243
33475857,38,4,1662.8947368421052,1906.0,1426.0,1662.9473684210527,0.2631578947368421,10.0,-47.999999999999986,-0.031578947368421054,0,0,4,1,0.8947368421052632,0.2631578947368421
33477060,38,6,1600.842105263158,1740.0,1531.0,1600.842105263158,0.2631578947368421,10.0,-52.79999999999999,-0.034736842105263156,0,0,1,1,1.0,0.2631578947368421
33477299,6,1,1643.6666666666667,1683.0,1573.0,,0.0,0.0,0.0,0.0,0,0,1,1,,0.0
33477434,68,7,1615.3823529411766,1921.0,1404.0,1615.2941176470588,0.38235294117647056,26.0,20.0,0.007352941176470588,0,0,2,1,0.7647058823529411,0.38235294117647056
33479410,6,1,1596.3333333333333,1731.0,1490.0,1596.0,0.0,0.0,-64.8,-0.27,0,0,1,1,1.0,0.0
33479771,34,5,1460.4117647058824,1537.0,1408.0,,0.14705882352941177,5.0,0.0,0.0,0,0,4,1,,0.14705882352941177
33479828,22,3,1468.6363636363637,1651.0,1408.0,1479.5,0.36363636363636365,8.0,-192.0,-0.21818181818181817,0,0,2,1,0.25,0.36363636363636365
33480427,30,2,1609.4,1846.0,1438.0,1609.6666666666667,0.7,21.0,257.6,0.21466666666666667,0,0,1,1,0.4666666666666667,0.7
33484490,46,4,1563.0,1731.0,1446.0,1575.125,0.30434782608695654,14.0,68.8,0.03739130434782608,0,0,4,1,1.0,0.30434782608695654
33484724,84,6,1514.8333333333333,1862.0,1414.0,1595.0,0.2857142857142857,24.0,-62.4,-0.018571428571428572,0,0,3,1,0.5,0.2857142857142857
33487065,32,4,1602.75,1758.0,1416.0,1603.0,0.375,12.0,63.2,0.049375,0,0,2,1,0.9375,0.375
33487952,96,9,1560.5208333333333,1791.0,1417.0,1574.96875,0.3020833333333333,29.0,-68.8,-0.017916666666666674,0,0,6,1,0.96875,0.3020833333333333
33489343,216,14,1641.7592592592594,1964.0,1400.0,1641.7962962962963,0.5,108.0,318.02,0.03638888888888889,0,0,9,1,0.5370370370370371,0.5
33490643,192,11,1675.03125,2094.0,1411.0,1675.125,0.6197916666666666,119.0,264.1,0.0334375,12,0,8,1,0.3020833333333333,0.6197916666666666
33490694,96,7,1614.6458333333333,1915.0,1405.0,1614.5416666666667,0.46875,45.0,110.39999999999998,0.02875,0,0,4,1,0.625,0.46875
33490716,38,3,1635.4736842105262,1798.0,1419.0,1635.578947368421,0.47368421052631576,18.0,212.0,0.1394736842105263,0,0,3,1,0.8421052631578947,0.47368421052631576
33491089,6,1,1686.0,1723.0,1660.0,1686.0,0.0,0.0,-71.2,-0.2966666666666667,0,0,1,1,1.0,0.0
33491666,38,3,1562.157894736842,1757.0,1404.0,1592.5833333333333,0.2631578947368421,10.0,-158.4,-0.10421052631578948,0,0,2,1,0.75,0.2631578947368421
33491917,148,8,1691.0675675675675,2217.0,1417.0,1691.081081081081,0.6891891891891891,102.0,360.4,0.06567567567567567,12,4,6,1,0.21621621621621623,0.6891891891891891
33492123,48,5,1601.6666666666667,1862.0,1405.0,1601.7916666666667,0.375,18.0,116.0,0.06041666666666667,0,0,4,1,0.9166666666666666,0.375
33493340,84,7,1587.595238095238,1857.0,1410.0,1587.8809523809523,0.4523809523809524,38.0,192.39999999999998,0.1380952380952381,0,0,4,1,0.9761904761904762,0.4523809523809524
33493642,40,4,1680.45,1899.0,1441.0,1680.5,0.275,11.0,-5.600000000000005,-0.0035000000000000022,0,0,4,1,0.95,0.275
33494592,80,10,1558.475,1852.0,1401.0,1602.0,0.275,22.0,-122.4,-0.03825,0,0,6,1,0.84,0.275
33496471,78,7,1618.4871794871794,1849.0,1410.0,1618.4615384615386,0.2948717948717949,23.0,44.00000000000001,0.014102564102564098,0,0,3,1,0.9743589743589743,0.2948717948717949
33496854,16,2,1735.875,1880.0,1614.0,1735.75,0.375,6.0,101.6,0.15875,0,0,2,1,1.0,0.375
33498105,108,7,1659.9259259259259,1950.0,1419.0,1659.9814814814815,0.5,54.0,289.6,0.06703703703703703,0,0,4,1,0.6666666666666666,0.5
33499128,68,5,1581.8823529411766,2047.0,1402.0,1582.1764705882354,0.6764705882352942,46.0,408.79999999999995,0.15029411764705883,2,0,4,1,0.4411764705882353,0.6764705882352942
33499152,20,2,1561.7,1622.0,1448.0,1561.8,0.3,6.0,-36.0,-0.045,0,0,2,1,1.0,0.3
343444890,148,9,1598.7837837837837,2011.0,1409.0,1606.7692307692307,0.5608108108108109,83.0,121.86,0.0322972972972973,2,0,7,1,0.4461538461538462,0.5608108108108109
366108235,6,2,1541.6666666666667,1741.0,1410.0,,0.0,0.0,0.0,0.0,0,0,2,1,,0.0
366127043,92,7,1611.0869565217392,1931.0,1416.0,1610.7826086956522,0.5434782608695652,50.0,248.0,0.06739130434782609,0,0,3,1,0.5,0.5434782608695652
366195007,126,9,1757.1904761904761,2264.0,1406.0,1757.126984126984,0.5793650793650794,73.0,141.60000000000002,0.028095238095238093,24,6,5,3,0.4603174603174603,0.5793650793650794
366195016,154,9,2259.9220779220777,2618.0,1926.0,2260.025974025974,0.5194805194805194,80.0,-13.199999999999996,-0.008571428571428567,148,88,8,6,0.42857142857142855,0.5194805194805194
429001196,62,5,1564.0645161290322,1931.0,1427.0,1646.8125,0.2903225806451613,18.0,-94.39999999999999,-0.03806451612903226,0,0,5,1,1.0,0.2903225806451613
429002109,22,2,1552.909090909091,1667.0,1466.0,1580.0,0.22727272727272727,5.0,-33.599999999999994,-0.03818181818181818,0,0,1,1,1.0,0.22727272727272727
429002508,14,3,1535.142857142857,1705.0,1424.0,,0.14285714285714285,2.0,0.0,0.0,0,0,3,1,,0.14285714285714285
429003237,8,1,1457.5,1474.0,1440.0,,0.375,3.0,0.0,0.0,0,0,1,1,,0.375
429003300,24,3,1439.3333333333333,1542.0,1413.0,,0.25,6.0,0.0,0.0,0,0,3,1,,0.25
429004365,62,10,1517.967741935484,1789.0,1403.0,1514.7692307692307,0.25806451612903225,16.0,-302.4,-0.12193548387096774,0,0,7,1,0.38461538461538464,0.25806451612903225
429005191,66,6,1483.0,1745.0,1403.0,1527.0,0.24242424242424243,16.0,-132.0,-0.049999999999999996,0,0,3,1,0.25,0.24242424242424243
429009650,56,4,1604.4285714285713,1994.0,1422.0,1604.1785714285713,0.5714285714285714,32.0,225.6,0.10071428571428573,0,0,3,1,0.5,0.5714285714285714
429010160,44,6,1453.409090909091,1519.0,1403.0,1422.6666666666667,0.29545454545454547,13.0,-18.4,-0.010454545454545458,0,0,2,1,0.0,0.29545454545454547
429010969,58,6,1534.7241379310344,1834.0,1439.0,1535.2105263157894,0.2413793103448276,14.0,-94.4,-0.04068965517241378,0,0,4,1,1.0,0.2413793103448276
429012635,4,1,1459.0,1461.0,1457.0,,0.0,0.0,0.0,0.0,0,0,1,1,,0.0
429012937,8,1,1588.75,1837.0,1497.0,,0.375,3.0,0.0,0.0,0,0,1,1,,0.375
429013445,14,2,1593.7142857142858,1707.0,1506.0,1593.4285714285713,0.14285714285714285,2.0,-78.4,-0.13999999999999999,0,0,2,1,1.0,0.14285714285714285
429014182,16,1,1539.625,1769.0,1422.0,,0.5625,9.0,0.0,0.0,0,0,1,1,,0.5625
429016860,130,14,1560.6923076923076,1818.0,1424.0,1600.142857142857,0.25384615384615383,33.0,-38.399999999999984,-0.0073846153846153844,0,0,10,1,1.0,0.25384615384615383
429017904,10,3,1559.8,1805.0,1446.0,,0.2,2.0,0.0,0.0,0,0,1,1,,0.2
429019508,24,2,1573.8333333333333,1718.0,1513.0,1574.0,0.5,12.0,155.2,0.16166666666666665,0,0,2,1,1.0,0.5
429020476,16,3,1544.375,1752.0,1401.0,1752.0,0.1875,3.0,-15.2,-0.02375,0,0,2,1,1.0,0.1875
429021340,16,2,1557.0,1653.0,1454.0,1634.0,0.25,4.0,-33.599999999999994,-0.0525,0,0,2,1,1.0,0.25
429022592,78,7,1574.4871794871794,1825.0,1405.0,1617.9473684210527,0.2692307692307692,21.0,-129.6,-0.04153846153846154,0,0,5,1,0.8947368421052632,0.2692307692307692
429023599,22,3,1617.6363636363637,1766.0,1401.0,1617.909090909091,0.45454545454545453,10.0,64.8,0.07363636363636364,0,0,2,1,0.7272727272727273,0.45454545454545453
429024722,28,3,1527.357142857143,1661.0,1406.0,1462.0,0.17857142857142858,5.0,-191.2,-0.17071428571428574,0,0,3,1,0.0,0.17857142857142858
429025702,12,1,1549.0,1568.0,1524.0,1549.0,0.3333333333333333,4.0,-20.799999999999997,-0.04333333333333333,0,0,1,1,1.0,0.3333333333333333
429026610,32,5,1648.5,1883.0,1405.0,1648.375,0.375,12.0,102.4,0.08,0,0,2,2,0.875,0.375
429028167,18,3,1598.5555555555557,1747.0,1501.0,,0.2222222222222222,4.0,0.0,0.0,0,0,2,1,,0.2222222222222222
429030064,8,1,1657.25,1700.0,1589.0,1657.0,0.375,3.0,40.0,0.125,0,0,1,1,1.0,0.375
429030463,10,1,1564.6,1673.0,1494.0,,0.0,0.0,0.0,0.0,0,0,1,1,,0.0
429031818,18,2,1508.111111111111,1633.0,1438.0,1631.0,0.2777777777777778,5.0,-44.8,-0.06222222222222223,0,0,1,1,1.0,0.2777777777777778
429033977,32,2,1486.5625,1551.0,1417.0,,0.34375,11.0,0.0,0.0,0,0,2,1,,0.34375
429036526,16,2,1508.125,1542.0,1449.0,,0.3125,5.0,0.0,0.0,0,0,2,1,,0.3125
429036615,14,4,1477.2857142857142,1539.0,1435.0,,0.21428571428571427,3.0,0.0,0.0,0,0,1,1,,0.21428571428571427
429037107,26,4,1463.0,1505.0,1422.0,,0.2692307692307692,7.0,0.0,0.0,0,0,3,1,,0.2692307692307692
429037689,12,2,1705.3333333333333,1848.0,1628.0,1705.0,0.25,3.0,1.6000000000000032,0.0033333333333333353,0,0,2,1,1.0,0.25
429037786,2,1,1675.0,1675.0,1675.0,,0.0,0.0,0.0,0.0,0,0,1,1,,0.0
429038863,18,1,1479.6666666666667,1611.0,1400.0,,0.5,9.0,0.0,0.0,0,0,1,1,,0.5
429040213,48,4,1480.7083333333333,1598.0,1401.0,1513.0,0.3125,15.0,27.200000000000003,0.014166666666666662,0,0,4,1,1.0,0.3125
429040531,32,3,1538.9375,1702.0,1448.0,1593.0,0.3125,10.0,-25.6,-0.02,0,0,1,1,1.0,0.3125
429041260,48,5,1568.8333333333333,1648.0,1454.0,1585.6,0.22916666666666666,11.0,-41.6,-0.021666666666666667,0,0,4,1,1.0,0.22916666666666666
429044715,8,1,1642.0,1852.0,1451.0,1642.0,0.375,3.0,31.200000000000003,0.0975,0,0,1,1,0.75,0.375
429045649,14,3,1549.0,1645.0,1450.0,,0.14285714285714285,2.0,0.0,0.0,0,0,1,1,,0.14285714285714285
429045924,82,6,1476.8292682926829,1610.0,1406.0,,0.24390243902439024,20.0,0.0,0.0,0,0,3,1,,0.24390243902439024
429046777,32,5,1510.4375,1613.0,1404.0,1564.4,0.1875,6.0,-131.2,-0.10250000000000001,0,0,4,1,1.0,0.1875
429048184,24,3,1473.3333333333333,1607.0,1400.0,,0.5,12.0,0.0,0.0,0,0,2,1,,0.5
429048575,6,1,1531.3333333333333,1551.0,1505.0,,0.16666666666666666,1.0,0.0,0.0,0,0,1,1,,0.16666666666666666
429050669,16,2,1501.75,1614.0,1449.0,,0.125,2.0,0.0,0.0,0,0,1,1,,0.125
429052610,10,1,1608.0,1659.0,1570.0,1608.0,0.1,1.0,-88.80000000000001,-0.22199999999999998,0,0,1,1,1.0,0.1
429053498,8,2,1620.75,1821.0,1461.0,,0.0,0.0,0.0,0.0,0,0,2,1,,0.0
429054338,4,1,1639.0,1694.0,1584.0,1639.0,0.0,0.0,-42.4,-0.265,0,0,1,1,1.0,0.0
429057990,8,1,1559.5,1660.0,1504.0,,0.375,3.0,0.0,0.0,0,0,1,1,,0.375
429058880,20,2,1530.6,1716.0,1456.0,1510.0,0.15,3.0,-134.4,-0.16799999999999998,0,0,2,1,1.0,0.15
429059488,34,4,1539.4705882352941,1677.0,1426.0,1587.0,0.29411764705882354,10.0,-5.600000000000001,-0.004117647058823525,0,0,4,1,1.0,0.29411764705882354
429065534,14,1,1455.2857142857142,1507.0,1419.0,,0.5,7.0,0.0,0.0,0,0,1,1,,0.5
429065542,6,1,1650.0,1746.0,1589.0,1650.0,0.0,0.0,-52.8,-0.22,0,0,1,1,1.0,0.0
429066832,12,2,1516.8333333333333,1650.0,1434.0,,0.08333333333333333,1.0,0.0,0.0,0,0,2,1,,0.08333333333333333
429069580,10,1,1586.0,1715.0,1489.0,,0.3,3.0,0.0,0.0,0,0,1,1,,0.3
429070015,8,1,1587.5,1631.0,1550.0,,0.125,1.0,0.0,0.0,0,0,1,1,,0.125
429071356,24,2,1513.6666666666667,1578.0,1473.0,,0.4583333333333333,11.0,0.0,0.0,0,0,1,1,,0.4583333333333333
429072832,8,1,1553.25,1716.0,1457.0,,0.125,1.0,0.0,0.0,0,0,1,1,,0.125
429072930,16,2,1549.75,1742.0,1411.0,,0.1875,3.0,0.0,0.0,0,0,1,1,,0.1875
429073111,42,6,1522.2857142857142,1710.0,1434.0,1564.5,0.30952380952380953,13.0,-70.39999999999999,-0.04190476190476191,0,0,5,1,0.9,0.30952380952380953
429073375,24,3,1442.8333333333333,1520.0,1406.0,,0.3333333333333333,8.0,0.0,0.0,0,0,2,1,,0.3333333333333333
429075203,50,5,1570.52,1869.0,1405.0,1606.3529411764705,0.38,19.0,-33.599999999999994,-0.016799999999999995,0,0,5,1,0.6470588235294118,0.38
429077753,12,1,1487.1666666666667,1570.0,1447.0,,0.25,3.0,0.0,0.0,0,0,1,1,,0.25
429078229,70,7,1499.5428571428572,1831.0,1407.0,1561.0,0.18571428571428572,13.0,-149.6,-0.05342857142857143,0,0,5,1,0.4,0.18571428571428572
429078628,66,8,1451.3939393939395,1582.0,1401.0,1430.4285714285713,0.25757575757575757,17.0,-198.4,-0.07515151515151515,0,0,6,1,0.9285714285714286,0.25757575757575757
429078997,10,1,1570.4,1629.0,1518.0,,0.2,2.0,0.0,0.0,0,0,1,1,,0.2
429082692,4,1,1705.0,1831.0,1579.0,,0.0,0.0,0.0,0.0,0,0,1,1,,0.0
429082935,8,2,1483.5,1594.0,1421.0,,0.25,2.0,0.0,0.0,0,0,2,1,,0.25
429084288,14,1,1459.0,1511.0,1411.0,,0.21428571428571427,3.0,0.0,0.0,0,0,1,1,,0.21428571428571427
429087767,12,3,1535.3333333333333,1683.0,1465.0,,0.08333333333333333,1.0,0.0,0.0,0,0,1,1,,0.08333333333333333
429090164,52,7,1460.3461538461538,1547.0,1402.0,,0.07692307692307693,4.0,0.0,0.0,0,0,3,1,,0.07692307692307693
429090652,4,1,1549.5,1670.0,1429.0,,0.0,0.0,0.0,0.0,0,0,1,1,,0.0
429090725,28,4,1466.2857142857142,1520.0,1415.0,,0.07142857142857142,2.0,0.0,0.0,0,0,1,1,,0.07142857142857142
429091047,16,1,1483.75,1559.0,1420.0,,0.375,6.0,0.0,0.0,0,0,1,1,,0.375
429094178,22,2,1583.0,1777.0,1445.0,1598.0,0.18181818181818182,4.0,-60.8,-0.06909090909090909,0,0,1,1,1.0,0.18181818181818182
429094186,4,1,1627.5,1776.0,1479.0,,0.0,0.0,0.0,0.0,0,0,1,1,,0.0
429094240,10,1,1528.2,1684.0,1410.0,,0.2,2.0,0.0,0.0,0,0,1,1,,0.2
429096804,4,1,1480.5,1501.0,1460.0,,0.0,0.0,0.0,0.0,0,0,1,1,,0.0
429096979,30,6,1654.3333333333333,1927.0,1527.0,,0.03333333333333333,1.0,0.0,0.0,0,0,6,1,,0.03333333333333333
429098505,10,1,1489.4,1641.0,1414.0,,0.6,6.0,0.0,0.0,0,0,1,1,,0.6
429099030,26,5,1470.3846153846155,1528.0,1405.0,,0.15384615384615385,4.0,0.0,0.0,0,0,4,1,,0.15384615384615385
429099200,40,3,1492.35,1647.0,1417.0,,0.3,12.0,0.0,0.0,0,0,3,1,,0.3
429099552,42,4,1529.142857142857,1676.0,1443.0,1507.0,0.40476190476190477,17.0,-43.2,-0.025714285714285717,0,0,4,1,0.0,0.40476190476190477
429099765,28,2,1486.0714285714287,1539.0,1420.0,1491.0,0.5714285714285714,16.0,19.199999999999996,0.017142857142857137,0,0,2,1,0.0,0.5714285714285714
45030081,252,14,2256.285714285714,2584.0,1781.0,2256.3015873015875,0.4722222222222222,119.0,723.5,0.0773015873015873,220,168,13,8,0.7619047619047619,0.4722222222222222
48702935,14,1,1502.5714285714287,1609.0,1421.0,,0.5714285714285714,8.0,0.0,0.0,0,0,1,1,,0.5714285714285714
48707201,8,1,1524.25,1558.0,1471.0,,0.0,0.0,0.0,0.0,0,0,1,1,,0.0
48709034,2,1,1531.0,1531.0,1531.0,,0.0,0.0,0.0,0.0,0,0,1,1,,0.0
48710318,32,4,1577.5625,1866.0,1405.0,1641.9,0.21875,7.0,-83.2,-0.065,0,0,3,1,1.0,0.21875
48712671,4,1,1621.5,1680.0,1563.0,,0.0,0.0,0.0,0.0,0,0,1,1,,0.0
48713155,18,2,1747.7777777777778,1938.0,1437.0,1747.6666666666667,0.2777777777777778,5.0,26.39999999999999,0.03666666666666666,0,0,2,1,0.8888888888888888,0.2777777777777778
48713325,16,1,1458.25,1504.0,1410.0,,0.4375,7.0,0.0,0.0,0,0,1,1,,0.4375
48713740,14,1,1522.5714285714287,1694.0,1403.0,,0.21428571428571427,3.0,0.0,0.0,0,0,1,1,,0.21428571428571427
48715727,12,2,1548.0,1612.0,1497.0,,0.16666666666666666,2.0,0.0,0.0,0,0,2,1,,0.16666666666666666
48718947,22,3,1610.5454545454545,1727.0,1527.0,1610.3636363636363,0.18181818181818182,4.0,-84.8,-0.09636363636363637,0,0,3,1,1.0,0.18181818181818182
48719986,52,5,1557.1538461538462,1835.0,1443.0,1600.909090909091,0.3076923076923077,16.0,-64.0,-0.03076923076923077,0,0,2,1,0.9090909090909091,0.3076923076923077
48721506,214,14,1677.728971962617,2071.0,1419.0,1677.8691588785048,0.5607476635514018,120.0,526.1600000000001,0.06299065420560748,8,0,12,2,0.45794392523364486,0.5607476635514018
48723290,92,10,1589.108695652174,1882.0,1402.0,1589.0434782608695,0.41304347826086957,38.0,231.20000000000002,0.06282608695652173,0,0,8,1,0.8913043478260869,0.41304347826086957
48723355,72,8,1594.5555555555557,1872.0,1410.0,1609.6206896551723,0.3194444444444444,23.0,-271.2,-0.09416666666666666,0,0,5,1,0.8275862068965517,0.3194444444444444
48724211,10,2,1497.8,1549.0,1424.0,,0.5,5.0,0.0,0.0,0,0,2,1,,0.5
48724963,22,2,1520.1818181818182,1643.0,1400.0,,0.18181818181818182,4.0,0.0,0.0,0,0,2,1,,0.18181818181818182
48726621,86,6,1623.0697674418604,1999.0,1407.0,1623.0,0.47674418604651164,41.0,75.75999999999999,0.0172093023255814,0,0,4,1,0.5116279069767442,0.47674418604651164
48726729,210,15,1657.9714285714285,2140.0,1410.0,1657.952380952381,0.5952380952380952,125.0,465.23999999999995,0.05742857142857143,8,0,14,1,0.4095238095238095,0.5952380952380952
48728306,68,13,1561.8823529411766,1838.0,1408.0,1574.764705882353,0.16176470588235295,11.0,-475.2,-0.17470588235294118,0,0,7,1,0.6470588235294118,0.16176470588235295
48731722,74,9,1589.3513513513512,1806.0,1404.0,1589.6216216216217,0.33783783783783783,25.0,7.9999999999999885,0.002702702702702702,0,0,8,1,0.8648648648648649,0.33783783783783783
48731846,28,5,1544.357142857143,1790.0,1416.0,1544.4285714285713,0.42857142857142855,12.0,89.60000000000001,0.08,0,0,5,1,0.9285714285714286,0.42857142857142855
48735230,18,3,1562.888888888889,1647.0,1483.0,,0.1111111111111111,2.0,0.0,0.0,0,0,1,1,,0.1111111111111111
48735396,58,6,1644.344827586207,1926.0,1411.0,1644.2758620689656,0.43103448275862066,25.0,167.2,0.07206896551724139,0,0,6,1,0.7586206896551724,0.43103448275862066
48737330,8,1,1699.0,1814.0,1423.0,1699.0,0.25,2.0,18.4,0.0575,0,0,1,1,1.0,0.25
48739839,6,1,1577.3333333333333,1665.0,1512.0,1577.0,0.16666666666666666,1.0,-36.8,-0.15333333333333335,0,0,1,1,1.0,0.16666666666666666
48744948,18,4,1514.3333333333333,1672.0,1416.0,,0.1111111111111111,2.0,0.0,0.0,0,0,4,1,,0.1111111111111111
48746258,36,2,1524.388888888889,1689.0,1428.0,1551.0,0.3333333333333333,12.0,0.0,-4.625929269271485e-18,0,0,2,1,0.8571428571428571,0.3333333333333333
48746916,22,2,1578.6363636363637,1814.0,1415.0,1578.5454545454545,0.2727272727272727,6.0,-72.8,-0.08272727272727272,0,0,2,1,0.8181818181818182,0.2727272727272727
48748234,20,2,1646.4,1827.0,1524.0,1646.5,0.35,7.0,54.39999999999999,0.068,0,0,2,1,1.0,0.35
48748820,42,4,1471.6190476190477,1571.0,1404.0,,0.23809523809523808,10.0,0.0,0.0,0,0,4,1,,0.23809523809523808
48752622,38,4,1532.6842105263158,1835.0,1439.0,1600.2857142857142,0.18421052631578946,7.0,-120.0,-0.07894736842105263,0,0,3,1,1.0,0.18421052631578946
48753580,44,7,1568.6818181818182,1891.0,1417.0,1600.3529411764705,0.45454545454545453,20.0,-3.9999999999999947,-0.0022727272727272787,0,0,2,2,0.7647058823529411,0.45454545454545453
48753890,120,10,1579.3666666666666,1900.0,1409.0,1588.4150943396226,0.43333333333333335,52.0,207.19999999999996,0.043166666666666666,0,0,6,1,0.7358490566037735,0.43333333333333335
48755842,8,2,1569.5,1779.0,1453.0,,0.375,3.0,0.0,0.0,0,0,1,1,,0.375
48756156,30,4,1665.6,1906.0,1417.0,1665.6666666666667,0.2,6.0,-75.99999999999999,-0.06333333333333332,0,0,4,1,0.9333333333333333,0.2
48758205,22,4,1625.5454545454545,1830.0,1494.0,1625.5454545454545,0.09090909090909091,2.0,-144.8,-0.16454545454545455,0,0,3,1,1.0,0.09090909090909091
48760013,8,1,1573.25,1631.0,1456.0,1573.0,0.375,3.0,7.200000000000003,0.022499999999999992,0,0,1,1,0.75,0.375
48761583,18,3,1500.5555555555557,1822.0,1410.0,1437.0,0.2777777777777778,5.0,-52.800000000000004,-0.07333333333333332,0,0,2,1,0.0,0.2777777777777778
48761630,8,1,1528.75,1714.0,1459.0,1529.0,0.125,1.0,-70.4,-0.22,0,0,1,1,1.0,0.125
48762385,52,10,1646.3076923076924,1931.0,1460.0,1654.9,0.4807692307692308,25.0,239.20000000000002,0.11499999999999999,0,0,2,2,0.7,0.4807692307692308
48763039,22,2,1453.4545454545455,1574.0,1402.0,1447.0,0.22727272727272727,5.0,-96.0,-0.10909090909090909,0,0,1,1,1.0,0.22727272727272727
48763047,32,4,1457.875,1530.0,1405.0,,0.1875,6.0,0.0,0.0,0,0,3,1,,0.1875
48763225,20,2,1678.0,1922.0,1431.0,1678.0,0.5,10.0,37.599999999999994,0.047,0,0,1,1,0.6,0.5
48763993,26,3,1624.0,1702.0,1533.0,1623.8461538461538,0.23076923076923078,6.0,-49.6,-0.0476923076923077,0,0,3,1,1.0,0.23076923076923078
48765791,20,4,1644.3,1889.0,1429.0,,0.0,0.0,0.0,0.0,0,0,1,1,,0.0
48766437,14,1,1460.7142857142858,1493.0,1437.0,,0.5714285714285714,8.0,0.0,0.0,0,0,1,1,,0.5714285714285714
48767514,38,6,1505.157894736842,1689.0,1405.0,1594.0,0.3684210526315789,14.0,-136.0,-0.08947368421052632,0,0,4,1,0.8333333333333334,0.3684210526315789
48767549,8,1,1572.25,1698.0,1519.0,,0.0,0.0,0.0,0.0,0,0,1,1,,0.0
48767662,42,3,1569.6666666666667,1768.0,1425.0,1569.6666666666667,0.5476190476190477,23.0,128.8,0.07666666666666666,0,0,2,1,0.5238095238095238,0.5476190476190477
48767883,10,1,1504.2,1675.0,1404.0,,0.2,2.0,0.0,0.0,0,0,1,1,,0.2
48768235,12,1,1592.1666666666667,1863.0,1404.0,1592.0,0.4166666666666667,5.0,-8.8,-0.018333333333333333,0,0,1,1,0.5,0.4166666666666667
48768669,12,1,1545.0,1601.0,1487.0,,0.4166666666666667,5.0,0.0,0.0,0,0,1,1,,0.4166666666666667
48771457,64,6,1629.40625,1869.0,1438.0,1629.375,0.375,24.0,139.2,0.05437499999999999,0,0,3,1,0.875,0.375
48773603,10,1,1474.0,1557.0,1438.0,,0.2,2.0,0.0,0.0,0,0,1,1,,0.2
48773859,44,4,1535.7727272727273,1647.0,1417.0,1557.2142857142858,0.38636363636363635,17.0,39.199999999999996,0.022272727272727274,0,0,3,1,0.8571428571428571,0.38636363636363635
48776157,24,2,1550.5,1661.0,1433.0,1574.0,0.5,12.0,149.6,0.15583333333333335,0,0,2,1,1.0,0.5
48779032,16,3,1527.625,1672.0,1410.0,1578.6666666666667,0.25,4.0,-49.6,-0.0775,0,0,3,1,0.6666666666666666,0.25
48779482,12,1,1486.0,1524.0,1443.0,,0.3333333333333333,4.0,0.0,0.0,0,0,1,1,,0.3333333333333333
48781444,24,5,1495.9166666666667,1631.0,1416.0,1562.0,0.16666666666666666,4.0,-16.799999999999997,-0.0175,0,0,3,2,1.0,0.16666666666666666
48781452,86,7,1549.0697674418604,1994.0,1407.0,1535.6060606060605,0.5348837209302325,46.0,-52.00000000000001,-0.015116279069767445,0,0,3,1,0.21212121212121213,0.5348837209302325
48781487,34,3,1481.8823529411766,1602.0,1402.0,1558.0,0.23529411764705882,8.0,-41.599999999999994,-0.03058823529411765,0,0,3,1,1.0,0.23529411764705882
48781606,12,2,1643.8333333333333,1678.0,1561.0,1644.0,0.08333333333333333,1.0,-80.8,-0.16833333333333333,0,0,2,1,1.0,0.08333333333333333
48781681,22,2,1651.6363636363637,1853.0,1545.0,1651.6363636363637,0.36363636363636365,8.0,113.6,0.1290909090909091,0,0,2,1,1.0,0.36363636363636365
48782645,12,1,1555.6666666666667,1723.0,1471.0,,0.3333333333333333,4.0,0.0,0.0,0,0,1,1,,0.3333333333333333
48785342,14,2,1755.0,1823.0,1679.0,1750.0,0.35714285714285715,5.0,118.4,0.21142857142857144,0,0,2,1,1.0,0.35714285714285715
48785610,16,2,1581.0,1769.0,1502.0,,0.125,2.0,0.0,0.0,0,0,1,1,,0.125
48786047,12,1,1535.0,1683.0,1487.0,,0.3333333333333333,4.0,0.0,0.0,0,0,1,1,,0.3333333333333333
48791261,18,3,1585.111111111111,1814.0,1470.0,1631.0,0.1111111111111111,2.0,-76.0,-0.10555555555555556,0,0,1,1,1.0,0.1111111111111111
48791717,52,6,1549.8846153846155,1829.0,1459.0,1586.857142857143,0.28846153846153844,15.0,-104.8,-0.05038461538461539,0,0,4,1,1.0,0.28846153846153844
48791768,10,1,1535.6,1578.0,1472.0,,0.1,1.0,0.0,0.0,0,0,1,1,,0.1
48792497,48,6,1637.1666666666667,1841.0,1406.0,1637.2916666666667,0.2708333333333333,13.0,35.2,0.018333333333333326,0,0,3,1,0.9583333333333334,0.2708333333333333
48793086,138,10,1599.6521739130435,1996.0,1403.0,1601.6612903225807,0.463768115942029,64.0,-145.29999999999998,-0.02666666666666667,0,0,6,1,0.4838709677419355,0.463768115942029
48793353,10,1,1510.8,1603.0,1468.0,,0.3,3.0,0.0,0.0,0,0,1,1,,0.3
48794627,10,1,1581.4,1675.0,1482.0,1581.0,0.1,1.0,-111.19999999999999,-0.278,0,0,1,1,0.8,0.1
48794872,172,12,1520.2674418604652,1817.0,1414.0,1582.5333333333333,0.32558139534883723,56.0,-259.2,-0.037674418604651164,0,0,7,1,0.9333333333333333,0.32558139534883723
48794970,18,3,1537.888888888889,1665.0,1420.0,,0.1111111111111111,2.0,0.0,0.0,0,0,2,1,,0.1111111111111111
48795518,34,3,1494.4705882352941,1572.0,1415.0,,0.17647058823529413,6.0,0.0,0.0,0,0,1,1,,0.17647058823529413
48796034,30,4,1543.8,1737.0,1454.0,,0.26666666666666666,8.0,0.0,0.0,0,0,2,1,,0.26666666666666666
48799688,6,1,1610.3333333333333,1635.0,1595.0,1610.0,0.0,0.0,-74.4,-0.31,0,0,1,1,1.0,0.0
531001424,34,4,1551.6470588235295,1815.0,1416.0,1636.2222222222222,0.3235294117647059,11.0,67.2,0.04941176470588235,0,0,3,1,1.0,0.3235294117647059
531003737,12,2,1462.5,1497.0,1412.0,,0.25,3.0,0.0,0.0,0,0,2,1,,0.25
531003745,6,2,1519.3333333333333,1596.0,1411.0,,0.0,0.0,0.0,0.0,0,0,2,1,,0.0
531005594,4,1,1453.5,1506.0,1401.0,,0.0,0.0,0.0,0.0,0,0,1,1,,0.0
531006043,52,4,1528.1153846153845,1700.0,1415.0,1547.3333333333333,0.40384615384615385,21.0,134.4,0.06461538461538462,0,0,4,1,1.0,0.40384615384615385
531006116,22,2,1441.8181818181818,1512.0,1402.0,,0.22727272727272727,5.0,0.0,0.0,0,0,2,1,,0.22727272727272727
531008046,34,3,1469.2941176470588,1552.0,1414.0,,0.23529411764705882,8.0,0.0,0.0,0,0,2,1,,0.23529411764705882
531009433,2,1,1442.0,1442.0,1442.0,,0.0,0.0,0.0,0.0,0,0,1,1,,0.0
531010440,4,1,1449.5,1458.0,1441.0,,0.0,0.0,0.0,0.0,0,0,1,1,,0.0
531012264,24,3,1568.75,1761.0,1431.0,1629.0,0.20833333333333334,5.0,-44.0,-0.04583333333333334,0,0,1,1,1.0,0.20833333333333334
531013066,10,1,1562.8,1824.0,1405.0,,0.3,3.0,0.0,0.0,0,0,1,1,,0.3
531013619,28,3,1518.2857142857142,1776.0,1403.0,1613.0,0.17857142857142858,5.0,-48.800000000000004,-0.04357142857142857,0,0,3,1,1.0,0.17857142857142858
531013643,16,2,1528.875,1694.0,1403.0,,0.125,2.0,0.0,0.0,0,0,1,1,,0.125
531013651,40,5,1466.85,1619.0,1401.0,,0.075,3.0,0.0,0.0,0,0,2,1,,0.075
531013732,98,7,1620.6530612244899,1895.0,1402.0,1637.9756097560976,0.46938775510204084,46.0,286.8,0.07836734693877552,0,0,5,1,0.6829268292682927,0.46938775510204084
531013775,26,2,1546.076923076923,1754.0,1426.0,1649.0,0.4230769230769231,11.0,-8.0,-0.007692307692307691,0,0,1,1,0.8333333333333334,0.4230769230769231
531014380,56,6,1546.4642857142858,1880.0,1407.0,1647.0,0.44642857142857145,25.0,63.2,0.028214285714285713,0,0,5,1,0.7272727272727273,0.44642857142857145
531014429,24,2,1585.5,1787.0,1434.0,1679.0,0.4583333333333333,11.0,74.4,0.0775,0,0,2,1,1.0,0.4583333333333333
531014623,2,1,1421.0,1421.0,1421.0,,0.0,0.0,0.0,0.0,0,0,1,1,,0.0
531015964,14,2,1466.7142857142858,1545.0,1412.0,,0.0,0.0,0.0,0.0,0,0,2,1,,0.0
531017452,86,8,1589.4186046511627,1849.0,1412.0,1614.5882352941176,0.313953488372093,27.0,4.0,0.0011627906976744151,0,0,4,1,0.9411764705882353,0.313953488372093
531017711,28,3,1515.642857142857,1650.0,1430.0,,0.14285714285714285,4.0,0.0,0.0,0,0,2,1,,0.14285714285714285
531018017,16,1,1482.375,1553.0,1424.0,,0.5,8.0,0.0,0.0,0,0,1,1,,0.5
531019560,2,1,1939.0,1939.0,1939.0,,0.0,0.0,0.0,0.0,0,0,1,1,,0.0
531019730,16,2,1514.625,1567.0,1430.0,,0.375,6.0,0.0,0.0,0,0,2,1,,0.375
531019900,24,5,1522.75,1703.0,1404.0,,0.0,0.0,0.0,0.0,0,0,5,1,,0.0
531019943,10,2,1502.2,1573.0,1421.0,,0.0,0.0,0.0,0.0,0,0,2,1,,0.0
531021387,2,1,1406.0,1406.0,1406.0,,0.0,0.0,0.0,0.0,0,0,1,1,,0.0
531021492,18,2,1542.888888888889,1600.0,1474.0,,0.3333333333333333,6.0,0.0,0.0,0,0,2,1,,0.3333333333333333
531021590,12,2,1527.8333333333333,1606.0,1477.0,,0.16666666666666666,2.0,0.0,0.0,0,0,2,1,,0.16666666666666666
531021824,6,2,1592.6666666666667,1620.0,1551.0,,0.0,0.0,0.0,0.0,0,0,1,1,,0.0
531022626,22,4,1617.0,1747.0,1437.0,,0.09090909090909091,2.0,0.0,0.0,0,0,1,1,,0.09090909090909091
531023045,34,4,1439.5882352941176,1485.0,1410.0,,0.08823529411764706,3.0,0.0,0.0,0,0,4,1,,0.08823529411764706
531023878,8,1,1570.5,1681.0,1494.0,,0.125,1.0,0.0,0.0,0,0,1,1,,0.125
531023924,10,1,1526.4,1561.0,1489.0,,0.3,3.0,0.0,0.0,0,0,1,1,,0.3
531025080,32,2,1536.6875,1740.0,1439.0,1506.0,0.625,20.0,-70.4,-0.055,0,0,1,1,0.0,0.625
531025820,6,1,1461.0,1495.0,1424.0,,0.3333333333333333,2.0,0.0,0.0,0,0,1,1,,0.3333333333333333
531025846,8,1,1450.75,1549.0,1413.0,,0.375,3.0,0.0,0.0,0,0,1,1,,0.375
531026486,38,3,1498.5263157894738,1657.0,1404.0,1533.0,0.21052631578947367,8.0,-102.39999999999998,-0.06736842105263158,0,0,2,1,1.0,0.21052631578947367
531026710,14,1,1495.857142857143,1638.0,1451.0,,0.21428571428571427,3.0,0.0,0.0,0,0,1,1,,0.21428571428571427
531027261,8,1,1463.5,1575.0,1415.0,,0.125,1.0,0.0,0.0,0,0,1,1,,0.125
531027474,16,1,1494.5,1642.0,1404.0,,0.5,8.0,0.0,0.0,0,0,1,1,,0.5
531033261,28,2,1491.642857142857,1606.0,1427.0,,0.25,7.0,0.0,0.0,0,0,2,1,,0.25
531033288,22,2,1477.909090909091,1534.0,1413.0,,0.18181818181818182,4.0,0.0,0.0,0,0,2,1,,0.18181818181818182
531035760,8,1,1684.25,1839.0,1555.0,,0.125,1.0,0.0,0.0,0,0,1,1,,0.125
531036279,14,3,1436.7142857142858,1497.0,1402.0,,0.14285714285714285,2.0,0.0,0.0,0,0,2,1,,0.14285714285714285
531037739,10,3,1653.4,1881.0,1452.0,,0.0,0.0,0.0,0.0,0,0,3,1,,0.0
531038891,10,1,1606.8,1907.0,1489.0,,0.1,1.0,0.0,0.0,0,0,1,1,,0.1
531039103,12,1,1547.0,1642.0,1478.0,,0.3333333333333333,4.0,0.0,0.0,0,0,1,1,,0.3333333333333333
531039359,26,3,1561.8461538461538,1712.0,1402.0,1612.0,0.38461538461538464,10.0,27.200000000000003,0.026153846153846153,0,0,2,1,0.8333333333333334,0.38461538461538464
531039421,10,1,1555.4,1649.0,1495.0,,0.3,3.0,0.0,0.0,0,0,1,1,,0.3
531040519,44,4,1523.590909090909,1674.0,1403.0,,0.2727272727272727,12.0,0.0,0.0,0,0,4,1,,0.2727272727272727
531040535,30,4,1484.3333333333333,1591.0,1403.0,,0.13333333333333333,4.0,0.0,0.0,0,0,3,1,,0.13333333333333333
531043291,14,1,1472.857142857143,1520.0,1406.0,,0.5714285714285714,8.0,0.0,0.0,0,0,1,1,,0.5714285714285714
531044018,20,4,1521.4,1622.0,1409.0,1608.0,0.15,3.0,-43.2,-0.054000000000000006,0,0,3,1,1.0,0.15
531044026,20,2,1516.0,1686.0,1410.0,,0.1,2.0,0.0,0.0,0,0,2,1,,0.1
531044603,16,2,1504.875,1599.0,1411.0,,0.0625,1.0,0.0,0.0,0,0,2,1,,0.0625
531044840,22,3,1548.909090909091,1897.0,1402.0,1634.6666666666667,0.3181818181818182,7.0,-30.400000000000006,-0.034545454545454546,0,0,2,1,0.8333333333333334,0.3181818181818182
531045588,10,2,1642.6,1789.0,1534.0,,0.1,1.0,0.0,0.0,0,0,2,1,,0.1
531047971,20,2,1507.7,1567.0,1461.0,,0.15,3.0,0.0,0.0,0,0,1,1,,0.15
531048528,2,1,1667.0,1667.0,1667.0,,0.0,0.0,0.0,0.0,0,0,1,1,,0.0
531048668,34,3,1510.235294117647,1588.0,1404.0,1558.0,0.23529411764705882,8.0,-81.6,-0.06,0,0,3,1,1.0,0.23529411764705882
531049320,34,5,1535.8823529411766,1827.0,1401.0,1401.0,0.23529411764705882,8.0,-43.2,-0.031764705882352945,0,0,3,1,0.0,0.23529411764705882
531049370,32,3,1581.75,1972.0,1412.0,1701.0,0.4375,14.0,68.0,0.053125,0,0,2,1,0.6666666666666666,0.4375
531052690,36,4,1510.7777777777778,1776.0,1402.0,1485.5,0.3333333333333333,12.0,-203.20000000000002,-0.1411111111111111,0,0,3,1,0.2,0.3333333333333333
531053564,38,6,1534.3684210526317,1822.0,1426.0,,0.05263157894736842,2.0,0.0,0.0,0,0,3,2,,0.05263157894736842
531054137,14,3,1605.5714285714287,1779.0,1543.0,,0.0,0.0,0.0,0.0,0,0,3,1,,0.0
531054420,24,3,1495.5,1620.0,1432.0,1432.0,0.2916666666666667,7.0,-10.4,-0.010833333333333334,0,0,2,1,0.0,0.2916666666666667
531055176,2,1,1560.0,1560.0,1560.0,,0.0,0.0,0.0,0.0,0,0,1,1,,0.0
531055869,16,2,1472.0,1633.0,1401.0,,0.125,2.0,0.0,0.0,0,0,2,1,,0.125
531058949,10,2,1442.8,1452.0,1428.0,,0.3,3.0,0.0,0.0,0,0,2,1,,0.3
531059031,6,1,1452.6666666666667,1495.0,1414.0,,0.3333333333333333,2.0,0.0,0.0,0,0,1,1,,0.3333333333333333
531059198,14,1,1492.4285714285713,1719.0,1408.0,,0.5,7.0,0.0,0.0,0,0,1,1,,0.5
531059708,10,1,1448.0,1461.0,1436.0,,0.2,2.0,0.0,0.0,0,0,1,1,,0.2
531059740,88,7,1514.75,1765.0,1407.0,1514.0,0.19318181818181818,17.0,-164.8,-0.04681818181818182,0,0,4,1,1.0,0.19318181818181818
531063284,40,3,1555.65,1813.0,1432.0,1583.0,0.375,15.0,58.4,0.0365,0,0,3,1,0.375,0.375
531064426,8,1,1535.75,1603.0,1446.0,,0.5,4.0,0.0,0.0,0,0,1,1,,0.5
531064442,8,1,1483.5,1534.0,1440.0,,0.25,2.0,0.0,0.0,0,0,1,1,,0.25
531065589,18,3,1482.5555555555557,1584.0,1411.0,,0.0,0.0,0.0,0.0,0,0,2,1,,0.0
531066798,10,3,1621.0,1720.0,1502.0,,0.0,0.0,0.0,0.0,0,0,1,1,,0.0
531071260,16,1,1537.875,1655.0,1460.0,,0.3125,5.0,0.0,0.0,0,0,1,1,,0.3125
531071520,14,1,1475.4285714285713,1621.0,1405.0,,0.21428571428571427,3.0,0.0,0.0,0,0,1,1,,0.21428571428571427
531072143,8,1,1535.25,1568.0,1504.0,,0.5,4.0,0.0,0.0,0,0,1,1,,0.5
531072461,16,2,1616.5,1931.0,1502.0,,0.0,0.0,0.0,0.0,0,0,2,1,,0.0
531072739,6,1,1472.0,1483.0,1456.0,,0.0,0.0,0.0,0.0,0,0,1,1,,0.0
531072828,2,1,1444.0,1444.0,1444.0,,0.0,0.0,0.0,0.0,0,0,1,1,,0.0
531073867,2,1,1405.0,1405.0,1405.0,,0.0,0.0,0.0,0.0,0,0,1,1,,0.0
531074138,18,2,1468.6666666666667,1618.0,1400.0,,0.2777777777777778,5.0,0.0,0.0,0,0,1,1,,0.2777777777777778
531074529,2,1,1551.0,1551.0,1551.0,,0.0,0.0,0.0,0.0,0,0,1,1,,0.0
531074731,14,3,1513.0,1624.0,1450.0,,0.14285714285714285,2.0,0.0,0.0,0,0,3,1,,0.14285714285714285
531074740,8,1,1502.5,1553.0,1477.0,,0.25,2.0,0.0,0.0,0,0,1,1,,0.25
531075452,12,1,1460.0,1515.0,1419.0,,0.16666666666666666,2.0,0.0,0.0,0,0,1,1,,0.16666666666666666
531079180,10,2,1525.0,1646.0,1442.0,,0.4,4.0,0.0,0.0,0,0,1,1,,0.4
531084060,16,3,1514.625,1574.0,1405.0,,0.0625,1.0,0.0,0.0,0,0,3,1,,0.0625
531085377,10,2,1508.6,1731.0,1432.0,,0.1,1.0,0.0,0.0,0,0,2,1,,0.1
531086454,12,2,1600.1666666666667,1862.0,1512.0,1862.0,0.16666666666666666,2.0,-6.4,-0.013333333333333334,0,0,1,1,1.0,0.16666666666666666
531086950,8,2,1449.5,1513.0,1406.0,,0.0,0.0,0.0,0.0,0,0,2,1,,0.0
531088058,18,3,1527.2222222222222,1633.0,1409.0,,0.05555555555555555,1.0,0.0,0.0,0,0,3,1,,0.05555555555555555
531088449,10,1,1515.6,1604.0,1446.0,,0.2,2.0,0.0,0.0,0,0,1,1,,0.2
531090281,4,1,1500.0,1515.0,1485.0,,0.0,0.0,0.0,0.0,0,0,1,1,,0.0
531092128,10,1,1495.0,1548.0,1447.0,,0.2,2.0,0.0,0.0,0,0,1,1,,0.2
531095143,22,2,1602.2727272727273,1758.0,1449.0,1469.0,0.4090909090909091,9.0,-209.6,-0.2381818181818182,0,0,2,1,0.0,0.4090909090909091
531095780,20,2,1543.6,1705.0,1427.0,1593.0,0.25,5.0,-55.2,-0.06899999999999999,0,0,1,1,1.0,0.25
531099688,8,1,1489.25,1597.0,1419.0,,0.0,0.0,0.0,0.0,0,0,1,1,,0.0
537005219,2,1,1548.0,1548.0,1548.0,,0.0,0.0,0.0,0.0,0,0,1,1,,0.0
537009362,6,1,1461.3333333333333,1474.0,1455.0,,0.3333333333333333,2.0,0.0,0.0,0,0,1,1,,0.3333333333333333
537010077,8,1,1460.75,1503.0,1405.0,,0.25,2.0,0.0,0.0,0,0,1,1,,0.25
537010182,4,1,1476.0,1503.0,1449.0,,0.0,0.0,0.0,0.0,0,0,1,1,,0.0
537011685,26,4,1534.923076923077,1889.0,1401.0,1606.6666666666667,0.3076923076923077,8.0,-102.39999999999999,-0.09846153846153845,0,0,3,1,0.5,0.3076923076923077
537012347,6,1,1590.3333333333333,1645.0,1556.0,,0.0,0.0,0.0,0.0,0,0,1,1,,0.0
537017020,6,1,1611.3333333333333,1922.0,1452.0,,0.3333333333333333,2.0,0.0,0.0,0,0,1,1,,0.3333333333333333
537017160,6,1,1481.0,1522.0,1460.0,,0.0,0.0,0.0,0.0,0,0,1,1,,0.0
537018060,4,1,1660.5,1699.0,1622.0,,0.0,0.0,0.0,0.0,0,0,1,1,,0.0
537023144,20,2,1490.8,1638.0,1402.0,1482.0,0.4,8.0,-136.8,-0.17099999999999999,0,0,2,1,0.0,0.4
537023489,12,1,1445.6666666666667,1548.0,1404.0,,0.3333333333333333,4.0,0.0,0.0,0,0,1,1,,0.3333333333333333
537023640,10,1,1496.0,1595.0,1405.0,,0.2,2.0,0.0,0.0,0,0,1,1,,0.2
537023802,20,3,1597.8,1794.0,1492.0,1794.0,0.2,4.0,-8.8,-0.011,0,0,3,1,1.0,0.2
537023861,26,3,1482.076923076923,1556.0,1417.0,,0.19230769230769232,5.0,0.0,0.0,0,0,1,1,,0.19230769230769232
537023896,14,1,1511.2857142857142,1552.0,1481.0,,0.42857142857142855,6.0,0.0,0.0,0,0,1,1,,0.42857142857142855
537025503,12,1,1520.8333333333333,1602.0,1404.0,,0.5,6.0,0.0,0.0,0,0,1,1,,0.5
537026216,10,2,1499.4,1553.0,1459.0,,0.0,0.0,0.0,0.0,0,0,1,1,,0.0
537026658,16,2,1615.875,1774.0,1489.0,1728.0,0.125,2.0,-25.6,-0.04,0,0,1,1,1.0,0.125
537026844,4,1,1491.0,1530.0,1452.0,,0.0,0.0,0.0,0.0,0,0,1,1,,0.0
537028570,6,1,1449.3333333333333,1501.0,1410.0,,0.16666666666666666,1.0,0.0,0.0,0,0,1,1,,0.16666666666666666
537031341,16,3,1525.5,1854.0,1427.0,1854.0,0.1875,3.0,-6.4,-0.01,0,0,2,1,1.0,0.1875
537031988,22,4,1568.6363636363637,1757.0,1420.0,1607.0,0.13636363636363635,3.0,-72.8,-0.08272727272727272,0,0,3,1,1.0,0.13636363636363635
537033093,14,2,1497.142857142857,1617.0,1422.0,1467.0,0.42857142857142855,6.0,37.6,0.06714285714285714,0,0,1,1,0.0,0.42857142857142855
537040120,2,1,1549.0,1549.0,1549.0,,0.0,0.0,0.0,0.0,0,0,1,1,,0.0
537041754,12,1,1526.0,1703.0,1428.0,,0.3333333333333333,4.0,0.0,0.0,0,0,1,1,,0.3333333333333333
537041797,2,1,1408.0,1408.0,1408.0,,0.0,0.0,0.0,0.0,0,0,1,1,,0.0
537042904,4,1,1586.5,1604.0,1569.0,,0.0,0.0,0.0,0.0,0,0,1,1,,0.0
537042955,6,1,1461.6666666666667,1504.0,1434.0,,0.0,0.0,0.0,0.0,0,0,1,1,,0.0
537047590,16,1,1524.875,1669.0,1421.0,,0.5625,9.0,0.0,0.0,0,0,1,1,,0.5625
537047655,16,1,1552.5,1632.0,1496.0,,0.5625,9.0,0.0,0.0,0,0,1,1,,0.5625
537050397,12,1,1488.5,1538.0,1448.0,,0.3333333333333333,4.0,0.0,0.0,0,0,1,1,,0.3333333333333333
537050591,2,1,1439.0,1439.0,1439.0,,0.0,0.0,0.0,0.0,0,0,1,1,,0.0
537053183,16,1,1483.625,1573.0,1402.0,,0.375,6.0,0.0,0.0,0,0,1,1,,0.375
537053493,14,2,1558.7142857142858,1649.0,1454.0,,0.0,0.0,0.0,0.0,0,0,1,1,,0.0
537054171,4,1,1540.0,1583.0,1497.0,,0.0,0.0,0.0,0.0,0,0,1,1,,0.0
537054678,8,1,1454.0,1540.0,1420.0,,0.25,2.0,0.0,0.0,0,0,1,1,,0.25
537054929,16,1,1489.875,1540.0,1424.0,,0.625,10.0,0.0,0.0,0,0,1,1,,0.625
537055186,8,3,1467.25,1507.0,1420.0,,0.125,1.0,0.0,0.0,0,0,3,1,,0.125
537055429,14,2,1458.5714285714287,1530.0,1404.0,,0.14285714285714285,2.0,0.0,0.0,0,0,2,1,,0.14285714285714285
537058673,10,1,1497.0,1557.0,1403.0,,0.4,4.0,0.0,0.0,0,0,1,1,,0.4
537059025,8,1,1474.25,1569.0,1401.0,,0.0,0.0,0.0,0.0,0,0,1,1,,0.0
537061879,16,1,1443.625,1510.0,1406.0,,0.3125,5.0,0.0,0.0,0,0,1,1,,0.3125
537062336,12,1,1460.3333333333333,1529.0,1429.0,,0.08333333333333333,1.0,0.0,0.0,0,0,1,1,,0.08333333333333333
537064282,14,1,1486.4285714285713,1549.0,1427.0,,0.35714285714285715,5.0,0.0,0.0,0,0,1,1,,0.35714285714285715
537066196,24,2,1572.3333333333333,1728.0,1500.0,,0.3333333333333333,8.0,0.0,0.0,0,0,1,1,,0.3333333333333333
537068857,10,1,1529.4,1667.0,1437.0,,0.0,0.0,0.0,0.0,0,0,1,1,,0.0
537069020,8,1,1444.0,1486.0,1421.0,,0.0,0.0,0.0,0.0,0,0,1,1,,0.0
537069292,18,1,1563.6666666666667,1631.0,1510.0,,0.6666666666666666,12.0,0.0,0.0,0,0,1,1,,0.6666666666666666
537072269,8,1,1574.5,1666.0,1533.0,,0.0,0.0,0.0,0.0,0,0,1,1,,0.0
537073966,16,2,1508.875,1774.0,1403.0,,0.125,2.0,0.0,0.0,0,0,2,1,,0.125
537074431,2,1,1400.0,1400.0,1400.0,,0.0,0.0,0.0,0.0,0,0,1,1,,0.0
537077198,4,1,1466.0,1513.0,1419.0,,0.0,0.0,0.0,0.0,0,0,1,1,,0.0
537082531,8,1,1449.5,1499.0,1415.0,,0.5,4.0,0.0,0.0,0,0,1,1,,0.5
537082728,2,1,1777.0,1777.0,1777.0,,0.0,0.0,0.0,0.0,0,0,1,1,,0.0
537084046,16,1,1496.875,1552.0,1447.0,,0.375,6.0,0.0,0.0,0,0,1,1,,0.375
537085549,12,1,1509.5,1633.0,1424.0,,0.3333333333333333,4.0,0.0,0.0,0,0,1,1,,0.3333333333333333
537092014,12,2,1462.0,1505.0,1419.0,,0.3333333333333333,4.0,0.0,0.0,0,0,1,1,,0.3333333333333333
537099612,4,1,1732.0,1920.0,1544.0,,0.0,0.0,0.0,0.0,0,0,1,1,,0.0
547002107,20,2,1457.4,1530.0,1414.0,,0.35,7.0,0.0,0.0,0,0,1,1,,0.35
547003375,22,2,1514.909090909091,1681.0,1402.0,,0.3181818181818182,7.0,0.0,0.0,0,0,2,1,,0.3181818181818182
547003545,10,1,1492.6,1663.0,1402.0,,0.4,4.0,0.0,0.0,0,0,1,1,,0.4
6011136,12,2,1560.3333333333333,1785.0,1457.0,1652.0,0.16666666666666666,2.0,-34.4,-0.07166666666666667,0,0,1,1,1.0,0.16666666666666666
88100421,26,4,1505.8461538461538,1665.0,1410.0,,0.07692307692307693,2.0,0.0,0.0,0,0,1,1,,0.07692307692307693
88103200,26,2,1482.5384615384614,1587.0,1408.0,1485.0,0.34615384615384615,9.0,9.600000000000009,0.009230769230769221,0,0,2,1,0.8571428571428571,0.34615384615384615
88104281,14,1,1534.4285714285713,1640.0,1487.0,,0.5,7.0,0.0,0.0,0,0,1,1,,0.5
88105563,248,16,1685.6774193548388,2144.0,1408.0,1685.6854838709678,0.5685483870967742,141.0,554.02,0.06225806451612903,22,0,12,2,0.47580645161290325,0.5685483870967742
88107108,8,1,1543.75,1656.0,1424.0,1544.0,0.25,2.0,-22.400000000000006,-0.06999999999999998,0,0,1,1,1.0,0.25
88107515,36,6,1453.7777777777778,1521.0,1422.0,,0.16666666666666666,6.0,0.0,0.0,0,0,6,1,,0.16666666666666666
88107540,34,5,1540.5882352941176,1753.0,1401.0,,0.029411764705882353,1.0,0.0,0.0,0,0,4,1,,0.029411764705882353
88108325,28,4,1579.2857142857142,1751.0,1452.0,1579.2857142857142,0.2857142857142857,8.0,-4.0,-0.0035714285714285826,0,0,4,1,1.0,0.2857142857142857
88108406,16,3,1500.375,1635.0,1407.0,1596.0,0.125,2.0,-20.8,-0.0325,0,0,2,1,1.0,0.125
88109267,54,6,1549.1851851851852,1966.0,1402.0,1568.6190476190477,0.37037037037037035,20.0,-238.4,-0.11037037037037037,0,0,5,1,0.47619047619047616,0.37037037037037035
88113213,56,4,1627.357142857143,1736.0,1415.0,1627.357142857143,0.39285714285714285,22.0,172.8,0.07714285714285715,0,0,3,1,0.9642857142857143,0.39285714285714285
88113760,8,3,1452.0,1495.0,1408.0,,0.0,0.0,0.0,0.0,0,0,3,1,,0.0
88115054,146,18,1537.4931506849316,1892.0,1400.0,1571.111111111111,0.3698630136986301,54.0,-160.8,-0.027534246575342463,0,0,12,1,0.6,0.3698630136986301
88117472,4,1,1593.5,1600.0,1587.0,,0.25,1.0,0.0,0.0,0,0,1,1,,0.25
88118720,36,3,1503.888888888889,1630.0,1403.0,,0.1111111111111111,4.0,0.0,0.0,0,0,3,1,,0.1111111111111111
88119050,14,3,1451.9285714285713,1600.0,1406.0,,0.07142857142857142,1.0,0.0,0.0,0,0,3,1,,0.07142857142857142
88119190,8,1,1653.75,1676.0,1636.0,1654.0,0.125,1.0,-64.0,-0.2,0,0,1,1,1.0,0.125
88119882,2,1,1427.0,1427.0,1427.0,,0.0,0.0,0.0,0.0,0,0,1,1,,0.0
88120066,2,1,1617.0,1617.0,1617.0,1617.0,0.0,0.0,-22.4,-0.28,0,0,1,1,1.0,0.0
88120511,106,6,1715.811320754717,2234.0,1420.0,1715.6037735849056,0.6132075471698113,65.0,280.8,0.06622641509433963,12,2,4,1,0.37735849056603776,0.6132075471698113
88121860,138,13,1657.6811594202898,1941.0,1404.0,1657.8840579710145,0.3695652173913043,51.0,369.59999999999997,0.06695652173913044,0,0,12,1,0.9130434782608695,0.3695652173913043
88122697,62,7,1555.1935483870968,1837.0,1431.0,1555.3548387096773,0.4838709677419355,30.0,194.4,0.07838709677419356,0,0,5,1,0.7419354838709677,0.4838709677419355
88122832,60,8,1560.0,1758.0,1403.0,1556.611111111111,0.23333333333333334,14.0,-170.39999999999998,-0.071,0,0,4,1,0.9444444444444444,0.23333333333333334
88128199,32,3,1505.4375,1675.0,1403.0,1513.0,0.1875,6.0,-75.2,-0.058750000000000004,0,0,3,1,0.8,0.1875
88128377,24,4,1598.0833333333333,1820.0,1401.0,1598.4166666666667,0.125,3.0,-180.0,-0.1875,0,0,4,1,0.9166666666666666,0.125
88130533,68,6,1538.9411764705883,1804.0,1413.0,1549.851851851852,0.36764705882352944,25.0,-420.0,-0.15441176470588236,0,0,5,1,0.6296296296296297,0.36764705882352944
88131726,14,2,1617.142857142857,1834.0,1414.0,1617.2857142857142,0.2857142857142857,4.0,-59.2,-0.10571428571428572,0,0,2,1,0.5714285714285714,0.2857142857142857
88131785,14,2,1558.857142857143,1721.0,1453.0,,0.21428571428571427,3.0,0.0,0.0,0,0,2,1,,0.21428571428571427
88131920,36,3,1591.9444444444443,1767.0,1439.0,1592.1666666666667,0.3611111111111111,13.0,59.2,0.04111111111111112,0,0,2,1,1.0,0.3611111111111111
88132056,16,1,1482.5,1573.0,1422.0,,0.375,6.0,0.0,0.0,0,0,1,1,,0.375
88132226,72,8,1595.888888888889,1762.0,1422.0,1614.1379310344828,0.2361111111111111,17.0,-97.1,-0.03805555555555556,0,0,4,1,0.9655172413793104,0.2361111111111111
88133303,14,2,1562.5714285714287,1723.0,1483.0,,0.35714285714285715,5.0,0.0,0.0,0,0,2,1,,0.35714285714285715
88135950,8,1,1518.25,1540.0,1506.0,,0.375,3.0,0.0,0.0,0,0,1,1,,0.375
88136299,76,6,1508.4473684210527,1640.0,1411.0,1510.090909090909,0.3684210526315789,28.0,-20.480000000000004,0.009473684210526318,0,0,3,1,0.9090909090909091,0.3684210526315789
88136973,28,2,1530.2142857142858,1753.0,1452.0,1472.0,0.4642857142857143,13.0,-160.8,-0.14357142857142854,0,0,2,1,0.0,0.4642857142857143
88138267,10,1,1510.8,1587.0,1475.0,,0.2,2.0,0.0,0.0,0,0,1,1,,0.2
88138593,82,8,1448.0,1582.0,1402.0,,0.1951219512195122,16.0,0.0,0.0,0,0,6,1,,0.1951219512195122
88142248,4,1,1456.0,1473.0,1439.0,,0.0,0.0,0.0,0.0,0,0,1,1,,0.0
88142388,48,6,1574.7916666666667,1841.0,1483.0,1586.1666666666667,0.125,6.0,-56.8,-0.029583333333333333,0,0,6,1,1.0,0.125
88142655,132,10,1567.1515151515152,1886.0,1406.0,1586.911111111111,0.48484848484848486,64.0,-169.68,-0.031060606060606066,0,0,9,1,0.4444444444444444,0.48484848484848486
88143864,12,1,1633.6666666666667,1679.0,1612.0,1634.0,0.4166666666666667,5.0,64.8,0.135,0,0,1,1,1.0,0.4166666666666667
88144097,12,2,1470.1666666666667,1498.0,1443.0,,0.08333333333333333,1.0,0.0,0.0,0,0,2,1,,0.08333333333333333
88144585,16,1,1557.5,1754.0,1449.0,,0.6875,11.0,0.0,0.0,0,0,1,1,,0.6875
88146103,32,4,1558.3125,1761.0,1430.0,1610.5714285714287,0.21875,7.0,-86.4,-0.0675,0,0,3,1,0.8571428571428571,0.21875
88149897,6,1,1451.0,1521.0,1415.0,,0.3333333333333333,2.0,0.0,0.0,0,0,1,1,,0.3333333333333333
88150453,22,4,1536.090909090909,1747.0,1438.0,1452.0,0.36363636363636365,8.0,-117.6,-0.13363636363636364,0,0,4,1,0.0,0.36363636363636365
88150615,4,1,1460.0,1482.0,1438.0,,0.5,2.0,0.0,0.0,0,0,1,1,,0.5
88150674,72,8,1463.5,1640.0,1401.0,1459.0,0.19444444444444445,14.0,-136.8,-0.0475,0,0,6,1,1.0,0.19444444444444445
88153240,14,2,1483.857142857143,1605.0,1404.0,,0.07142857142857142,1.0,0.0,0.0,0,0,1,1,,0.07142857142857142
88154211,24,2,1485.1666666666667,1631.0,1426.0,,0.16666666666666666,4.0,0.0,0.0,0,0,1,1,,0.16666666666666666
88154408,8,1,1548.5,1652.0,1405.0,1549.0,0.25,2.0,-39.199999999999996,-0.1225,0,0,1,1,0.75,0.25
88155404,8,1,1713.0,1860.0,1599.0,1713.0,0.375,3.0,27.2,0.08499999999999999,0,0,1,1,1.0,0.375
88155749,22,2,1524.4545454545455,1725.0,1447.0,,0.22727272727272727,5.0,0.0,0.0,0,0,2,1,,0.22727272727272727
88156516,176,12,1608.2727272727273,2014.0,1402.0,1612.2278481012659,0.3977272727272727,70.0,-389.59999999999997,-0.05534090909090909,2,0,11,1,0.569620253164557,0.3977272727272727
88156940,14,1,1471.2857142857142,1554.0,1409.0,,0.42857142857142855,6.0,0.0,0.0,0,0,1,1,,0.42857142857142855
88158594,2,1,1403.0,1403.0,1403.0,,0.0,0.0,0.0,0.0,0,0,1,1,,0.0
88158616,10,2,1619.0,1947.0,1438.0,,0.2,2.0,0.0,0.0,0,0,1,1,,0.2
88163156,10,1,1489.2,1557.0,1438.0,,0.2,2.0,0.0,0.0,0,0,1,1,,0.2
88163350,28,5,1503.2857142857142,1671.0,1415.0,1612.6666666666667,0.14285714285714285,4.0,-60.0,-0.05357142857142857,0,0,4,1,1.0,0.14285714285714285
88163717,8,2,1628.75,1738.0,1547.0,1629.0,0.0,0.0,-93.6,-0.2925,0,0,1,1,1.0,0.0
88164276,28,5,1506.5714285714287,1652.0,1413.0,,0.03571428571428571,1.0,0.0,0.0,0,0,4,1,,0.03571428571428571
88164683,74,8,1595.5675675675675,1823.0,1403.0,1607.032258064516,0.25675675675675674,19.0,-298.4,-0.10081081081081081,0,0,5,1,0.9032258064516129,0.25675675675675674
88164705,58,6,1547.2758620689656,1817.0,1431.0,1656.4,0.13793103448275862,8.0,-91.2,-0.03931034482758621,0,0,1,1,1.0,0.13793103448275862
88165310,34,3,1602.3529411764705,1655.0,1500.0,1602.4117647058824,0.4117647058823529,14.0,163.2,0.12,0,0,2,1,1.0,0.4117647058823529
88167569,14,1,1473.4285714285713,1558.0,1442.0,,0.21428571428571427,3.0,0.0,0.0,0,0,1,1,,0.21428571428571427
88167747,110,8,1582.5636363636363,1835.0,1401.0,1600.452380952381,0.34545454545454546,38.0,240.0,0.05454545454545454,0,0,6,1,0.9523809523809523,0.34545454545454546
88168611,32,3,1509.0,1710.0,1427.0,,0.21875,7.0,0.0,0.0,0,0,3,1,,0.21875
88170462,6,1,1470.3333333333333,1528.0,1430.0,,0.3333333333333333,2.0,0.0,0.0,0,0,1,1,,0.3333333333333333
88172406,28,3,1450.857142857143,1529.0,1416.0,,0.35714285714285715,10.0,0.0,0.0,0,0,2,1,,0.35714285714285715
88173453,22,2,1620.8181818181818,1775.0,1512.0,1621.0,0.22727272727272727,5.0,-23.200000000000003,-0.026363636363636367,0,0,2,1,1.0,0.22727272727272727
88174468,18,1,1488.2222222222222,1558.0,1448.0,,0.3888888888888889,7.0,0.0,0.0,0,0,1,1,,0.3888888888888889
88176622,14,1,1527.4285714285713,1976.0,1428.0,1527.0,0.5,7.0,-46.400000000000006,-0.08285714285714285,0,0,1,1,0.14285714285714285,0.5
88176983,36,3,1452.7222222222222,1523.0,1411.0,,0.2777777777777778,10.0,0.0,0.0,0,0,1,1,,0.2777777777777778
88178161,16,2,1628.375,1740.0,1562.0,1628.5,0.0625,1.0,-147.2,-0.22999999999999998,0,0,2,1,1.0,0.0625
88179788,18,2,1572.5555555555557,1749.0,1469.0,,0.16666666666666666,3.0,0.0,0.0,0,0,2,1,,0.16666666666666666
88181383,40,4,1647.4,1782.0,1430.0,1647.45,0.375,15.0,47.2,0.029500000000000005,0,0,2,1,0.85,0.375
88182754,12,1,1499.0,1603.0,1418.0,,0.5833333333333334,7.0,0.0,0.0,0,0,1,1,,0.5833333333333334
88183122,44,4,1568.0454545454545,1789.0,1422.0,1680.6666666666667,0.4090909090909091,18.0,45.599999999999994,0.025909090909090906,0,0,3,1,1.0,0.4090909090909091
88183432,26,5,1544.3076923076924,1697.0,1421.0,,0.038461538461538464,1.0,0.0,0.0,0,0,4,1,,0.038461538461538464
88188523,22,4,1583.6363636363637,1913.0,1438.0,1821.6666666666667,0.18181818181818182,4.0,-36.0,-0.04090909090909091,0,0,3,1,1.0,0.18181818181818182
88188990,6,2,1522.3333333333333,1563.0,1458.0,,0.0,0.0,0.0,0.0,0,0,2,1,,0.0
88189988,14,1,1519.142857142857,1649.0,1460.0,,0.42857142857142855,6.0,0.0,0.0,0,0,1,1,,0.42857142857142855
88195007,32,5,1563.3125,1835.0,1412.0,1686.0,0.21875,7.0,-15.999999999999996,-0.012500000000000004,0,0,2,1,0.6666666666666666,0.21875
88195082,12,2,1577.1666666666667,1705.0,1442.0,,0.0,0.0,0.0,0.0,0,0,1,1,,0.0
88196763,56,5,1521.4642857142858,1861.0,1411.0,1520.0,0.19642857142857142,11.0,-244.8,-0.10928571428571429,0,0,2,1,0.25,0.19642857142857142
88196909,94,11,1511.0,1853.0,1402.0,1523.0666666666666,0.22340425531914893,21.0,-517.6,-0.1376595744680851,0,0,7,1,0.8333333333333334,0.22340425531914893
88197174,10,1,1545.0,1655.0,1475.0,,0.5,5.0,0.0,0.0,0,0,1,1,,0.5
88197530,10,1,1554.8,1731.0,1426.0,,0.1,1.0,0.0,0.0,0,0,1,1,,0.1
88199495,4,1,1476.5,1511.0,1442.0,,0.0,0.0,0.0,0.0,0,0,1,1,,0.0
88199584,10,1,1544.2,1637.0,1503.0,,0.2,2.0,0.0,0.0,0,0,1,1,,0.2
